Player,Age,Pos,GP,MP,PTS,TRB,AST,STL,BLK,FG%,3P%,FT%,WS/48
Alaa Abdelnaby,22.0219028062971,Frontcourt,256,12.5,5.7,3.3,0.3,0.3,0.3,0.502,0,0.701,0.072
Jacque Vaughn,22.3832991101985,Backcourt,776,16.3,4.5,1.3,2.5,0.5,0,0.429,0.352,0.779,0.058
Jawann Oldham,22.9500342231348,Frontcourt,329,15.9,4.4,4.1,0.5,0.3,1.7,0.479,0,0.607,0.039
Rasheed Wallace,20.7912388774812,Frontcourt,1109,32.7,14.4,6.7,1.8,1,1.3,0.467,0.336,0.721,0.139
Terry Mills,22.5311430527036,Frontcourt,678,24.2,10.6,5.4,1.3,0.6,0.4,0.457,0.384,0.781,0.097
Charlie Sitton,21.9774127310062,Frontcourt,43,7.1,2.1,1.4,0.6,0.2,0.1,0.415,0,0.52,0.008
Terry Catledge,21.8377823408624,Frontcourt,515,26.3,12.7,6.4,0.9,0.6,0.2,0.485,0.094,0.654,0.074
Anthony Parker,22.0328542094456,Backcourt,494,27.8,9.1,3.2,2.3,0.9,0.2,0.444,0.404,0.794,0.085
Mike Smrek,22.8131416837782,Frontcourt,194,9.7,2.9,2.2,0.3,0.2,0.8,0.431,0,0.617,0.018
Danny Schayes,22.0985626283368,Frontcourt,1138,19.3,7.7,5,1.1,0.5,0.7,0.481,0.133,0.806,0.107
Manute Bol,22.6872005475702,Frontcourt,624,18.7,2.6,4.2,0.3,0.2,3.3,0.407,0.21,0.561,0.051
Greg Dreiling,23.6242299794661,Frontcourt,474,8.9,2.1,2.1,0.4,0.2,0.3,0.467,0.333,0.649,0.045
Wesley Person,23.2710472279261,Backcourt,733,28.3,11.2,3.3,1.7,0.8,0.3,0.457,0.418,0.778,0.102
Greg Anderson,23.0136892539357,Frontcourt,680,20.6,7.3,6.2,0.6,0.7,0.9,0.492,0.087,0.557,0.064
Fred Roberts,21.8870636550308,Frontcourt,818,18,7.3,2.8,1.2,0.5,0.3,0.502,0.325,0.796,0.086
Keith Smith,22.2874743326489,Backcourt,42,11,3.3,0.8,1,0.6,0.1,0.38,0.333,0.75,-0.003
Rich King,22.2409308692676,Frontcourt,72,4.3,1.9,1,0.3,0.1,0.1,0.393,0,0.662,0.036
Pete Chilcutt,22.7939767282683,Frontcourt,584,14.4,4.3,3.3,0.8,0.5,0.4,0.441,0.381,0.696,0.06
Glenn Robinson,21.4791238877481,Frontcourt,688,36.8,20.7,6.1,2.7,1.2,0.6,0.459,0.34,0.82,0.075
Dee Brown,21.5886379192334,Backcourt,608,27.7,11.1,2.6,3.7,1.3,0.3,0.436,0.357,0.825,0.095
Vin Baker,21.6160164271047,Frontcourt,791,32.5,15,7.4,1.9,0.7,1,0.485,0.215,0.638,0.088
Tellis Frank,22.1697467488022,Frontcourt,264,17.8,6.5,3.9,1,0.6,0.4,0.439,0,0.741,0.041
Milt Wagner,23.3367556468173,Backcourt,53,9.4,4.1,0.7,1.4,0.2,0.1,0.422,0.296,0.875,0.039
Shandon Anderson,22.5010266940452,Frontcourt,719,22.2,7.4,3.1,1.4,0.8,0.3,0.457,0.316,0.739,0.071
Cedric Ceballos,20.9144421629021,Frontcourt,609,24.2,14.3,5.3,1.2,0.7,0.3,0.5,0.309,0.753,0.132
Gheorghe Muresan,22.3887748117728,Frontcourt,307,21.9,9.8,6.4,0.5,0.6,1.5,0.573,0,0.644,0.136
Audie Norris,21.5420944558522,Frontcourt,187,13.8,4.4,3.1,0.8,0.5,0.4,0.511,0,0.662,0.054
Benoit Benjamin,20.5831622176591,Frontcourt,807,27.2,11.4,7.5,1.3,0.6,2,0.497,0.048,0.721,0.072
Matt Steigenga,22.2600958247775,Frontcourt,2,6,1.5,1.5,1,0.5,0.5,0.25,0,0.5,-0.126
Dave Greenwood,22.0930869267625,Frontcourt,823,28.4,10.2,7.9,2,0.7,0.9,0.477,0.138,0.765,0.095
Stuart Gray,21.0793976728268,Frontcourt,386,9,2.3,2.6,0.4,0.2,0.3,0.446,0,0.663,0.046
Brian Evans,22.7994524298426,Frontcourt,102,10.8,3.7,1.6,0.8,0.3,0.2,0.381,0.343,0.82,0.076
Charles Davis,22.6926762491444,Frontcourt,415,12.2,5.3,2.4,0.7,0.3,0.2,0.451,0.17,0.737,0.056
Hawkeye Whitney,22.9828884325804,Backcourt,70,15,5.8,2.1,1.2,0.8,0.1,0.462,0.286,0.75,0.062
Norris Coleman,25.7501711156742,Frontcourt,29,14.9,5.3,2.8,0.4,0.4,0.2,0.346,0.5,0.556,-0.046
Mark Randall,23.7529089664613,Frontcourt,127,7,2.6,1.3,0.4,0.2,0.1,0.443,0.154,0.722,0.054
Don MacLean,22.4517453798768,Frontcourt,319,20.9,10.9,3.8,1.3,0.4,0.2,0.455,0.284,0.765,0.067
Stewart Granger,21.6817248459959,Backcourt,80,12.5,4,1,2.2,0.4,0,0.414,0.235,0.742,-0.005
Gary Leonard,22.3750855578371,Frontcourt,31,4.8,1.4,1.1,0.1,0.1,0.3,0.459,0,0.5,0.029
Clarence Weatherspoon,21.807665982204,Frontcourt,915,30.3,11.5,7.5,1.5,1,0.9,0.471,0.196,0.743,0.101
Dale Ellis,22.9062286105407,Backcourt,1209,28.8,15.7,3.5,1.4,0.8,0.2,0.479,0.403,0.784,0.117
Albert King,21.4928131416838,Frontcourt,534,24,12.1,4.2,2.2,0.8,0.4,0.461,0.268,0.791,0.061
Scott Burrell,22.4791238877481,Backcourt,383,19.8,6.9,3.5,1.4,0.9,0.5,0.418,0.373,0.723,0.104
Austin Croshere,22.1670088980151,Frontcourt,659,17.4,6.8,4,1,0.4,0.3,0.407,0.34,0.861,0.115
Leroy Combs,22.5010266940452,Frontcourt,48,9.3,4.5,1.2,0.8,0.5,0.4,0.497,0,0.615,0.041
Chucky Brown,21.3394934976044,Frontcourt,694,17.2,5.9,3.1,0.8,0.3,0.3,0.491,0.227,0.699,0.076
Frank Johnson,22.5585215605749,Backcourt,596,21.6,8.3,1.7,4.2,1,0.1,0.439,0.218,0.76,0.064
Willie White,21.8459958932238,Backcourt,82,7,3.7,1,1,0.3,0,0.432,0.313,0.741,0.028
Mookie Blaylock,22.2874743326489,Backcourt,889,34.9,13.5,4.1,6.7,2.3,0.3,0.409,0.336,0.736,0.111
Andrew Lang,22.0164271047228,Frontcourt,737,20.8,6,4.8,0.6,0.5,1.5,0.47,0.25,0.744,0.089
Martin Lewis,20.1806981519507,Frontcourt,25,9.6,3.6,1.4,0.3,0.4,0.2,0.473,0.3,0.593,0.026
Tom Gugliotta,22.5284052019165,Frontcourt,763,30.9,13,7.3,2.8,1.4,0.6,0.451,0.284,0.757,0.082
Antoine Carr,21.9445585215606,Frontcourt,987,20,9.3,3.4,1.1,0.4,0.9,0.503,0.13,0.78,0.102
Kobe Bryant,17.8542094455852,Backcourt,1346,36.1,25,5.2,4.7,1.4,0.5,0.447,0.329,0.837,0.17
Peja Stojakovic,19.0602327173169,Frontcourt,804,33.5,17,4.7,1.8,0.9,0.1,0.45,0.401,0.895,0.147
Mike McGee,21.8788501026694,Backcourt,520,17.8,9.6,2.1,1.2,0.7,0.1,0.487,0.354,0.597,0.078
Charles O'Bannon,22.35318275154,Backcourt,48,8.3,2.5,1.4,0.6,0.2,0.1,0.4,0,0.87,0.07
Vlade Divac,21.4106776180698,Frontcourt,1134,29.8,11.8,8.2,3.1,1.1,1.4,0.495,0.235,0.692,0.137
Chris Webber,20.3449691991786,Frontcourt,831,37.1,20.7,9.8,4.2,1.4,1.4,0.479,0.299,0.649,0.132
P.J. Brown,22.7091033538672,Frontcourt,1089,31.1,9.1,7.7,1.5,0.8,1,0.46,0.136,0.794,0.128
Kenny Payne,22.6023271731691,Frontcourt,144,8.1,3.5,1.2,0.4,0.3,0.2,0.41,0.293,0.859,-0.005
David Thirdkill,22.227241615332,Frontcourt,179,8.2,2.8,1.2,0.5,0.3,0.1,0.457,0.091,0.565,0.042
Bo Kimble,24.2327173169062,Backcourt,105,12.7,5.5,1.5,0.9,0.4,0.1,0.386,0.291,0.728,0.004
Anthony Goldwire,22.8268309377139,Backcourt,266,18.6,6.3,1.3,2.8,0.6,0,0.407,0.386,0.792,0.062
Ed Gray,21.7583846680356,Backcourt,60,13.5,6.2,1.2,0.8,0.5,0.2,0.339,0.341,0.814,0.009
Fennis Dembo,22.4407939767283,Frontcourt,31,2.4,1.2,0.7,0.2,0,0,0.333,0,0.8,-0.037
Sean Rooks,22.8049281314168,Frontcourt,749,18.1,6.2,3.8,0.8,0.3,0.7,0.459,0.091,0.699,0.057
Victor Alexander,21.8323066392882,Frontcourt,286,20.1,8.9,4.8,0.9,0.5,0.6,0.518,0.286,0.634,0.073
Jeff Turner,22.2108145106092,Frontcourt,612,18.4,6,3.3,1,0.4,0.1,0.467,0.344,0.769,0.038
Ed Pinckney,22.2436687200548,Frontcourt,793,19.8,6.8,5,0.9,0.8,0.5,0.535,0,0.765,0.13
Nate McMillan,21.8843258042437,Backcourt,796,25.7,5.9,4,6.1,1.9,0.4,0.443,0.343,0.65,0.118
Eric Leckner,22.104038329911,Frontcourt,449,12.1,4.1,3.2,0.5,0.2,0.3,0.508,0,0.669,0.054
Doug Smith,21.7857631759069,Frontcourt,296,19.7,8,4.2,1.4,0.8,0.5,0.425,0.083,0.773,0.024
Tom Sewell,22.290212183436,Backcourt,21,4.1,1,0.2,0.3,0.1,0,0.25,0,0.5,-0.201
Tracy Murray,20.9308692676249,Frontcourt,659,18.4,9,2.5,0.8,0.5,0.2,0.43,0.388,0.829,0.096
Mike Gminski,20.8678986995209,Frontcourt,938,25.6,11.7,6.9,1.3,0.5,1.1,0.465,0.122,0.843,0.111
Jerome Williams,23.145106091718,Frontcourt,587,21.7,6.6,6.4,0.8,1.1,0.2,0.502,0.038,0.645,0.143
Jim Paxson,21.974674880219,Backcourt,784,27.2,14.3,2,2.9,1.2,0.1,0.498,0.225,0.807,0.121
Joe Dumars,22.0848733744011,Backcourt,1018,34.5,16.1,2.2,4.5,0.9,0.1,0.46,0.382,0.843,0.118
Reggie Geary,22.8350444900753,Backcourt,101,9.2,2.1,0.8,1.1,0.5,0.1,0.344,0.328,0.493,0.032
Walter McCarty,22.4134154688569,Frontcourt,593,17.5,5.2,2.6,1.1,0.6,0.3,0.392,0.346,0.698,0.064
Kiki Vandeweghe,21.8733744010951,Frontcourt,810,30.3,19.7,3.4,2.1,0.6,0.3,0.525,0.368,0.872,0.148
Shawn Respert,23.4052019164955,Backcourt,172,13.7,4.9,1.3,1,0.5,0,0.414,0.34,0.816,0.043
James Bailey,22.1095140314853,Frontcourt,595,19.5,8.8,5,0.8,0.5,0.9,0.484,0.077,0.703,0.067
Jamie Watson,22.3613963039014,Frontcourt,102,12.2,3.2,1.5,1.1,0.6,0.2,0.468,0.316,0.694,0.045
Ronnie Lester,21.4544832306639,Backcourt,250,19.8,7.3,1.9,4,0.7,0.1,0.469,0.227,0.788,0.061
Arvydas Sabonis,21.5065023956194,Frontcourt,470,24.2,12,7.3,2.1,0.8,1.1,0.5,0.328,0.786,0.2
Will Perdue,22.8459958932238,Frontcourt,792,15.6,4.7,4.9,0.8,0.3,0.7,0.515,0.067,0.577,0.103
B.J. Armstrong,21.8131416837782,Backcourt,747,23.8,9.8,1.8,3.3,0.7,0.1,0.477,0.425,0.856,0.121
Steve Colter,21.9199178644764,Backcourt,526,18.2,6.3,2,2.8,0.9,0.1,0.448,0.289,0.778,0.087
Johnny Rogers,22.4791238877481,Frontcourt,69,9.2,3.6,1.5,0.4,0.2,0.2,0.472,0,0.679,0.032
Anthony Cook,22.290212183436,Frontcourt,116,12.9,3.6,3.7,0.3,0.4,0.8,0.439,0,0.524,0.033
Eric Washington,23.2737850787132,Backcourt,104,22.1,6.9,2.1,1,0.8,0.4,0.402,0.346,0.757,0.002
Shaquille O'Neal,20.3148528405202,Frontcourt,1207,34.7,23.7,10.9,2.5,0.6,2.3,0.582,0.045,0.527,0.208
Nick Van Exel,21.6050650239562,Backcourt,880,32.9,14.4,2.9,6.6,0.8,0.1,0.405,0.357,0.794,0.093
Mark Alarie,22.5311430527036,Frontcourt,325,16.9,7.5,3.4,1.1,0.4,0.3,0.475,0.252,0.775,0.073
Jamie Feick,21.9965776865161,Frontcourt,201,21.5,4.5,7.1,0.7,0.6,0.4,0.424,0.4,0.629,0.091
James Worthy,21.3477070499658,Frontcourt,926,32.4,17.6,5.1,3,1.1,0.7,0.521,0.241,0.769,0.13
Gerald Wilkins,21.7830253251198,Backcourt,900,29,13,2.9,3,1,0.2,0.45,0.316,0.745,0.062
Jay Murphy,21.9965776865161,Frontcourt,67,6.5,2.4,1.7,0.2,0.1,0.1,0.332,0,0.607,-0.052
DeJuan Wheat,23.7118412046544,Backcourt,80,9.3,3.3,0.7,1.6,0.4,0,0.383,0.39,0.7,0.034
Chris Gatling,23.8268309377139,Frontcourt,700,19.7,10.3,5.3,0.7,0.7,0.5,0.513,0.249,0.66,0.112
Larry Krystkowiak,21.7446954140999,Frontcourt,420,21.7,8.2,4.9,1.2,0.6,0.1,0.457,0.139,0.795,0.082
Horace Grant,21.9801505817933,Frontcourt,1165,33.2,11.2,8.1,2.2,1,1,0.509,0.063,0.692,0.147
Larry Nance,22.3367556468173,Frontcourt,920,33.4,17.1,8,2.6,0.9,2.2,0.546,0.145,0.755,0.171
Damon Stoudamire,21.829568788501,Backcourt,878,33.2,13.4,3.5,6.1,1.1,0.1,0.406,0.357,0.833,0.091
Sharone Wright,21.4243668720055,Frontcourt,203,22.3,9.7,5,0.6,0.4,1,0.456,0.083,0.618,0.015
Kevin Pritchard,22.9609856262834,Backcourt,94,12,3.6,1,1.6,0.4,0.1,0.399,0.186,0.79,0.017
David Vaughn,22.2792607802875,Frontcourt,118,9.8,2.9,3.1,0.3,0.3,0.4,0.423,0,0.638,0.026
Steve Henson,22.4134154688569,Backcourt,238,9.6,3.1,0.7,2,0.4,0,0.403,0.432,0.869,0.079
Bernard Thompson,21.8186173853525,Frontcourt,204,14.4,5.3,1.7,1.3,0.6,0.1,0.439,0,0.789,0.056
Buck Williams,21.2683093771389,Frontcourt,1307,32.5,12.8,10,1.3,0.8,0.8,0.549,0.167,0.664,0.136
Othell Wilson,22.662559890486,Backcourt,127,16.1,4.2,1.7,3.3,0.9,0.1,0.454,0.176,0.746,0.032
John Duren,21.6269678302532,Backcourt,201,14.7,3.5,1.1,2,0.5,0.1,0.435,0.12,0.75,-0.014
Cliff Robinson,19.2956878850103,Frontcourt,629,30.7,17.2,8.3,2,1,0.7,0.468,0.184,0.722,0.076
Tyrone Corbin,22.4791238877481,Backcourt,1065,26,9.2,4.7,1.8,1.2,0.3,0.456,0.299,0.791,0.098
Kurt Thomas,22.7446954140999,Frontcourt,1110,24.5,8.1,6.6,1.1,0.7,0.8,0.486,0.281,0.76,0.114
Corey Williams,22.1834360027379,Backcourt,39,7.4,2.4,0.9,0.7,0.2,0.1,0.367,0.25,0.826,0.037
Dennis Hopson,22.1806981519507,Backcourt,334,22.5,10.9,2.8,1.6,1,0.5,0.431,0.271,0.765,0.046
Nate Blackwell,22.3613963039014,Backcourt,10,11.2,3.7,0.6,1.8,0.3,0,0.366,0.182,0.833,-0.045
Tyus Edney,22.3805612594114,Backcourt,226,21,7.6,1.7,4,1,0,0.405,0.322,0.806,0.068
Wayman Tisdale,21.0383299110198,Frontcourt,840,28.4,15.3,6.1,1.3,0.6,0.6,0.505,0,0.76,0.092
Joe Barry Carroll,21.8952772073922,Frontcourt,705,32.4,17.7,7.7,1.8,1,1.6,0.474,0,0.747,0.075
Billy Thompson,22.5585215605749,Frontcourt,300,22.3,8.6,5.4,1.7,0.5,0.9,0.505,0.154,0.674,0.069
Aaron McKie,21.7529089664613,Backcourt,793,24.2,7.4,3.3,2.7,1.2,0.2,0.438,0.35,0.779,0.1
Darrin Hancock,22.6680355920602,Backcourt,133,10.5,3.5,1.3,0.7,0.4,0.1,0.53,0.333,0.579,0.038
Marcus Brown,22.2464065708419,Backcourt,27,8.5,3.4,0.8,0.9,0.3,0.1,0.381,0.333,0.714,0.066
Steve Scheffler,22.829568788501,Frontcourt,174,5.3,1.9,1,0.1,0.2,0,0.558,0.2,0.759,0.153
Alvin Robertson,21.9253935660507,Backcourt,779,31.7,14,5.2,5,2.7,0.4,0.477,0.295,0.743,0.101
Bryan Warrick,22.952772073922,Backcourt,169,14.1,4,1.3,2.6,0.5,0.1,0.443,0.208,0.747,0.033
Ron Mercer,21.1177275838467,Backcourt,432,31.1,13.6,3.1,2.1,1.1,0.3,0.429,0.25,0.808,0.034
Monty Williams,22.7392197125257,Frontcourt,456,16.7,6.3,2.8,1.2,0.6,0.3,0.481,0.111,0.665,0.072
Johnny High,22.1806981519507,Backcourt,274,16.6,5.1,2.3,1.9,1.2,0.3,0.435,0.105,0.619,0.05
Stephen Jackson,19.2354551676934,Frontcourt,858,31.9,15.1,3.9,3.1,1.3,0.4,0.414,0.333,0.798,0.063
Steve Alford,22.5913757700205,Backcourt,169,9.7,4.4,0.9,1,0.5,0.1,0.459,0.324,0.87,0.093
Oliver Miller,22.2327173169062,Frontcourt,493,23,7.4,5.9,2.2,0.9,1.5,0.534,0.116,0.639,0.089
Oliver Robinson,22.3093771389459,Backcourt,35,4.2,2.9,0.5,0.6,0.1,0.1,0.361,0.091,0.667,0.018
Kelvin Cato,22.8459958932238,Frontcourt,541,19.6,5.5,5.3,0.5,0.5,1.3,0.507,0.077,0.644,0.129
John Morton,22.1259411362081,Backcourt,128,14.7,4.8,1.3,2.7,0.7,0.2,0.386,0.224,0.787,0.013
Dave Jamerson,22.8870636550308,Backcourt,90,6.6,3.4,0.9,0.7,0.3,0,0.392,0.277,0.86,0.018
Alan Henderson,22.5831622176591,Frontcourt,652,21.1,7.8,5,0.6,0.6,0.5,0.469,0.192,0.639,0.097
John Wallace,22.3915126625599,Frontcourt,381,16.1,7.6,2.8,0.7,0.4,0.6,0.462,0.3,0.74,0.05
Clyde Drexler,21.0301163586585,Backcourt,1086,34.6,20.4,6.1,5.6,2,0.7,0.472,0.318,0.788,0.173
Greg Graham,22.6078028747433,Backcourt,207,12.2,4.5,1.1,1,0.6,0.1,0.407,0.29,0.775,0.025
Ray Tolbert,22.7611225188227,Frontcourt,261,10.7,3.6,2.3,0.5,0.3,0.4,0.495,0,0.544,0.051
Chris Smith,22.1204654346338,Backcourt,224,17.7,5.1,1.3,2.8,0.5,0.3,0.435,0.366,0.713,0.039
Brevin Knight,21.643394934976,Backcourt,729,24.9,7.3,2.4,6.1,1.7,0.1,0.412,0.134,0.789,0.086
Nick Anderson,21.4490075290897,Frontcourt,800,31.2,14.4,5.1,2.6,1.4,0.5,0.446,0.356,0.667,0.106
Litterial Green,22.3148528405202,Backcourt,148,8,2.9,0.5,1.2,0.3,0,0.42,0.077,0.665,0.066
Kenny Fields,22.37234770705,Frontcourt,184,14.6,6.2,2.5,1,0.5,0.2,0.474,0.188,0.733,0.074
Tony Massenburg,22.9226557152635,Frontcourt,683,18,6.2,4.3,0.4,0.4,0.5,0.47,0.091,0.705,0.061
Predrag Drobnjak,21.6762491444216,Frontcourt,278,19.9,7.9,3.5,0.8,0.5,0.4,0.425,0.34,0.799,0.048
Paul Pressey,23.5284052019165,Backcourt,724,27.2,10.6,3.9,5.1,1.4,0.6,0.485,0.222,0.749,0.12
Gerald Glass,22.6379192334018,Backcourt,201,16.7,7.7,2.5,1.5,0.6,0.3,0.433,0.236,0.643,0.025
Ervin Johnson,25.5420944558522,Frontcourt,845,20.1,4.1,6.1,0.5,0.6,1.3,0.505,0.2,0.605,0.107
Todd Fuller,21.9363449691992,Frontcourt,225,11.1,3.7,3,0.2,0.2,0.3,0.422,0,0.668,0.041
Mahmoud Abdul-Rauf,21.3148528405202,Backcourt,586,26.7,14.6,1.9,3.5,0.8,0.1,0.442,0.354,0.905,0.077
Lindsey Hunter,22.5886379192334,Backcourt,937,24.8,8.5,2.2,2.7,1.2,0.2,0.388,0.36,0.746,0.068
John Salley,22.1013004791239,Frontcourt,748,22.1,7,4.5,1.2,0.6,1.3,0.506,0.214,0.714,0.121
Adam Keefe,22.3504449007529,Frontcourt,617,16.7,5,4.1,0.7,0.5,0.3,0.502,0.071,0.714,0.116
Negele Knight,23.3258042436687,Backcourt,276,16.4,6.2,1.3,2.8,0.4,0.1,0.436,0.263,0.73,0.044
Antoine Walker,19.8843258042437,Frontcourt,893,35.3,17.5,7.7,3.5,1.2,0.5,0.414,0.325,0.633,0.058
Hubert Davis,22.1204654346338,Backcourt,685,22.1,8.2,1.5,1.7,0.4,0.1,0.458,0.441,0.837,0.088
Travis Best,22.974674880219,Backcourt,708,21.4,7.6,1.8,3.5,0.9,0.1,0.431,0.345,0.835,0.098
Steve Hamer,22.6324435318275,Frontcourt,35,7.7,2.2,1.7,0.2,0.1,0.1,0.526,0,0.552,0.031
Keith Van Horn,21.6872005475702,Frontcourt,575,31.6,16,6.8,1.6,0.8,0.5,0.443,0.361,0.835,0.11
Jeff Hornacek,23.1396303901437,Backcourt,1077,31.5,14.5,3.4,4.9,1.4,0.2,0.496,0.403,0.877,0.154
Keith Lee,22.4873374401095,Frontcourt,182,16,6.1,4.7,1,0.4,0.6,0.451,0.167,0.746,0.062
Greg Sutton,23.5776865160849,Backcourt,168,11.6,4.5,0.9,1.7,0.5,0.1,0.396,0.361,0.743,0.024
Brad Sellers,23.5147159479808,Frontcourt,398,18,6.3,2.7,1.1,0.3,0.6,0.452,0.2,0.793,0.066
Jim Spanarkel,22.0054757015743,Backcourt,259,20.4,9.7,2.5,2.2,1,0.1,0.47,0.25,0.855,0.112
Guy Williams,23.0054757015743,Frontcourt,26,5.5,2.6,1.3,0.3,0.2,0.2,0.456,0.25,0.455,0.055
Rex Chapman,20.7446954140999,Backcourt,666,29.3,14.6,2.5,2.7,0.9,0.2,0.43,0.35,0.8,0.061
Charles Shackleford,22.1998631074606,Frontcourt,303,15.2,5.4,4.8,0.6,0.4,0.5,0.483,0,0.654,0.076
Elmore Spencer,22.5639972621492,Frontcourt,157,16.8,5.9,3.5,0.7,0.3,1.1,0.516,0,0.58,0.001
Shawn Bradley,21.2874743326489,Frontcourt,832,23.5,8.1,6.3,0.7,0.6,2.5,0.457,0.103,0.716,0.1
Sam Perkins,23.0301163586585,Frontcourt,1286,28.5,11.9,6,1.5,0.9,0.7,0.459,0.362,0.811,0.138
Juwan Howard,21.4024640657084,Frontcourt,1208,30.3,13.4,6.1,2.2,0.7,0.3,0.469,0.12,0.764,0.078
Gary Plummer,22.3394934976044,Frontcourt,126,11.4,4.2,2.4,0.5,0.2,0.2,0.43,0.143,0.717,0.006
LaPhonso Ellis,22.1533196440794,Frontcourt,624,28.2,11.9,6.5,1.6,0.7,0.8,0.452,0.302,0.73,0.089
Bill Martin,22.8542094455852,Frontcourt,84,10.2,4.7,1.6,0.7,0.4,0.1,0.449,0,0.813,0.016
Danny Manning,22.1314168377823,Frontcourt,883,27.4,14,5.2,2.3,1.1,0.9,0.511,0.206,0.729,0.109
Antonio Daniels,22.2847364818617,Backcourt,872,22.6,7.6,1.8,3.4,0.6,0.1,0.444,0.311,0.793,0.115
Bryant Reeves,22.0684462696783,Frontcourt,395,30.6,12.5,6.9,1.6,0.5,0.8,0.475,0.074,0.703,0.052
Dickey Simpkins,22.2436687200548,Frontcourt,327,15.9,4.2,3.6,0.9,0.3,0.2,0.44,0.222,0.618,0.044
Billy Owens,22.1670088980151,Frontcourt,600,29.4,11.7,6.7,2.8,0.9,0.5,0.481,0.291,0.629,0.078
Derek Smith,20.6707734428474,Backcourt,408,24.1,12.8,3.2,2.1,0.6,0.4,0.499,0.294,0.753,0.089
Charles Oakley,21.5147159479808,Frontcourt,1282,31.4,9.7,9.5,2.5,1.1,0.3,0.471,0.253,0.761,0.107
Jay Humphries,21.6872005475702,Backcourt,788,29.3,11.1,2.5,5.5,1.5,0.1,0.476,0.297,0.782,0.094
Stacey Augmon,22.9144421629021,Frontcourt,1001,21.6,8,3.2,1.6,1,0.3,0.469,0.152,0.728,0.097
Bill Curley,22.0985626283368,Frontcourt,147,11,2.7,2,0.4,0.4,0.3,0.444,0.222,0.743,0.047
Wes Matthews,20.8104038329911,Backcourt,465,20,7.9,1.3,4.2,1,0.2,0.478,0.225,0.788,0.057
Shelton Jones,22.2436687200548,Frontcourt,51,13.4,4.8,2.2,0.8,0.4,0.3,0.445,0,0.725,0.022
Kevin Duckworth,22.2245037645448,Frontcourt,684,25.5,11.8,5.8,0.9,0.5,0.5,0.468,0.208,0.736,0.068
Todd Lichti,22.4818617385352,Backcourt,237,17.9,7.9,2.1,1.4,0.8,0.2,0.46,0.244,0.789,0.063
George McCloud,22.1013004791239,Backcourt,766,22.8,9,3.1,2.3,0.8,0.2,0.402,0.358,0.81,0.068
Drew Barry,23.3696098562628,Backcourt,60,10,2.2,1.1,1.9,0.3,0,0.417,0.381,0.774,0.051
God Shammgod,21.1697467488022,Backcourt,20,7.3,3.1,0.4,1.8,0.4,0.1,0.328,0,0.767,-0.049
Hot Rod Williams,22.8733744010951,Frontcourt,887,29.7,11,6.8,1.8,0.8,1.6,0.48,0.105,0.726,0.129
Jerald Honeycutt,22.6954140999316,Frontcourt,54,11.7,5.1,1.9,0.7,0.5,0.1,0.391,0.362,0.632,0.02
Morlon Wiley,21.7748117727584,Backcourt,295,13,3.7,1.2,2.4,0.8,0.1,0.412,0.354,0.707,0.034
Cedric Henderson,22.3066392881588,Frontcourt,260,23.8,7.3,2.9,1.6,0.9,0.4,0.436,0.14,0.715,0.026
Vinny Del Negro,21.9007529089665,Backcourt,771,24.9,9.1,2.3,3.2,0.7,0.1,0.475,0.359,0.84,0.101
Willie Burton,22.1013004791239,Frontcourt,316,21.1,10.3,2.9,1.2,0.6,0.4,0.424,0.345,0.786,0.065
Harvey Grant,23,Frontcourt,783,26.2,9.9,4.4,1.6,0.8,0.5,0.469,0.267,0.709,0.085
Jeff Taylor,22.5065023956194,Backcourt,56,14.6,3.2,1.5,2,0.8,0.3,0.412,0,0.696,-0.008
Greg Anthony,23.6269678302532,Backcourt,757,20.9,7.3,1.9,4,1.2,0.1,0.403,0.349,0.733,0.109
Muggsy Bogues,22.4626967830253,Backcourt,889,28.6,7.7,2.6,7.6,1.5,0,0.458,0.278,0.827,0.102
Tim Perry,23.082135523614,Frontcourt,481,19.6,6.8,4,0.9,0.5,0.9,0.485,0.318,0.648,0.074
Jason Sasser,22.4654346338125,Frontcourt,14,7.7,2.1,1.1,0.3,0.4,0,0.412,0.333,0.5,-0.014
Sean Elliott,21.4134154688569,Frontcourt,742,33,14.2,4.3,2.6,0.8,0.4,0.465,0.375,0.799,0.109
Reggie Williams,23.3121149897331,Frontcourt,599,26.7,12.5,4,2.5,1.3,0.7,0.437,0.298,0.784,0.078
Terry Cummings,21.3039014373717,Frontcourt,1183,28.7,16.4,7.3,1.9,1.1,0.5,0.484,0.295,0.706,0.129
Roy Hinson,22.1697467488022,Frontcourt,507,30.7,14.2,6.8,1,0.6,1.7,0.499,0,0.741,0.093
Jerome Kersey,21.9965776865161,Frontcourt,1153,24.4,10.3,5.5,1.9,1.2,0.7,0.465,0.201,0.69,0.119
Bimbo Coles,22.1943874058864,Backcourt,852,23.8,7.8,2.1,3.9,0.9,0.2,0.425,0.267,0.811,0.065
Popeye Jones,22.0355920602327,Frontcourt,535,23.5,7,7.4,1.3,0.6,0.3,0.447,0.281,0.751,0.084
Devin Durrant,23.6789869952088,Frontcourt,63,12.8,5,2.1,1.3,0.3,0.2,0.414,0,0.689,-0.012
Derrick McKey,20.7118412046544,Frontcourt,937,29.1,11,4.7,2.4,1.1,0.7,0.486,0.316,0.779,0.109
Dana Barros,22.2217659137577,Backcourt,850,22.9,10.5,1.9,3.3,0.9,0.1,0.46,0.411,0.858,0.122
Brad Holland,22.5639972621492,Backcourt,93,7.4,3.2,0.6,0.7,0.5,0,0.403,0.19,0.746,0.026
Vernon Maxwell,22.807665982204,Backcourt,855,28.4,12.8,2.6,3.4,1.1,0.2,0.398,0.32,0.733,0.054
Charles Bradley,22.082135523614,Backcourt,110,8.3,3.2,1.1,0.5,0.4,0.3,0.416,0,0.585,0.016
Doug West,22.1013004791239,Backcourt,676,24.6,9.6,2.5,1.9,0.7,0.3,0.481,0.191,0.801,0.051
Greg Ostertag,22.3258042436687,Frontcourt,756,19.5,4.6,5.5,0.6,0.3,1.7,0.486,0.1,0.569,0.11
Tony White,22.3613963039014,Backcourt,49,11.9,5.3,0.6,1.2,0.4,0,0.446,0,0.722,-0.025
Chris Corchiani,23.2600958247775,Backcourt,112,11.7,3.7,1.2,2.2,0.7,0,0.421,0.269,0.816,0.058
Jimmy King,21.8980150581793,Backcourt,64,13.9,4.5,1.8,1.4,0.4,0.2,0.429,0.147,0.691,0.001
Kevin Garnett,19.1204654346338,Frontcourt,1462,34.5,17.8,10,3.7,1.3,1.4,0.497,0.275,0.789,0.182
Rodney McCray,21.8432580424367,Frontcourt,768,32.4,11.7,6.6,3.6,0.8,0.6,0.503,0.26,0.761,0.108
Brad Branson,21.72553045859,Frontcourt,72,11.9,5.4,2.9,0.7,0.4,0.4,0.422,0,0.725,0.053
David Rivers,23.4517453798768,Backcourt,114,11.3,3.4,1.3,2.5,0.5,0.1,0.398,0.083,0.794,-0.01
Jason Caffey,22.0574948665298,Frontcourt,462,19.6,7.3,4.4,0.9,0.5,0.2,0.481,0,0.637,0.072
Tariq Abdul-Wahad,22.6570841889117,Frontcourt,236,20.4,7.8,3.3,1.1,0.8,0.4,0.417,0.237,0.703,0.035
Charles Barkley,21.3422313483915,Frontcourt,1073,36.7,22.1,11.7,3.9,1.5,0.8,0.541,0.266,0.735,0.216
Calbert Cheaney,21.9691991786448,Backcourt,825,26.7,9.5,3.2,1.7,0.8,0.2,0.466,0.298,0.691,0.05
Rich Manning,23.0355920602327,Frontcourt,55,9.3,3.3,1.7,0.2,0.1,0.1,0.415,0.4,0.643,-0.028
LaBradford Smith,22.2436687200548,Backcourt,183,17.1,6.7,1.5,2.2,0.8,0.1,0.432,0.298,0.813,0.024
Rolando Blackman,22.2984257357974,Backcourt,980,32.7,18,3.3,3,0.7,0.3,0.493,0.343,0.84,0.113
Blue Edwards,23.6707734428474,Backcourt,704,26.1,10.8,3.4,2,1,0.4,0.475,0.335,0.779,0.063
Jimmy Oliver,21.9691991786448,Backcourt,78,11,4.2,1,0.7,0.3,0,0.407,0.34,0.772,0.018
Jim McIlvaine,21.9281314168378,Frontcourt,401,14.8,2.7,3.1,0.3,0.3,1.7,0.446,0.1,0.551,0.076
Brian Rowsom,21.6762491444216,Frontcourt,82,13.3,5.6,3.3,0.6,0.4,0.3,0.455,0.667,0.818,0.107
Anthony Avent,21.7008898015058,Frontcourt,352,19.1,5.6,4.5,0.8,0.5,0.6,0.403,0,0.686,0.002
Fred Hoiberg,22.7145790554415,Backcourt,541,18.4,5.4,2.7,1.6,0.8,0.1,0.431,0.396,0.854,0.133
Lamont Strothers,23.1423682409309,Backcourt,13,11.9,4.6,1.2,1.1,0.7,0.1,0.329,0.133,0.714,-0.142
Jamal Mashburn,20.5968514715948,Frontcourt,611,37.3,19.1,5.4,4,1,0.2,0.418,0.345,0.766,0.092
Corie Blount,24.5010266940452,Frontcourt,644,15.4,3.6,4.2,0.7,0.5,0.4,0.471,0.115,0.587,0.088
Trent Tucker,22.539356605065,Backcourt,756,20.7,8.2,2,2,0.9,0.1,0.461,0.408,0.754,0.105
Danny Young,21.9144421629021,Backcourt,574,16.6,4.6,1.2,2.9,0.9,0.1,0.437,0.327,0.835,0.101
Scott Skiles,22.2984257357974,Backcourt,600,28,11.1,2.5,6.5,0.8,0,0.435,0.379,0.889,0.087
Marcus Camby,22.2792607802875,Frontcourt,973,29.5,9.5,9.8,1.9,1,2.4,0.466,0.205,0.67,0.137
Micheal Williams,21.9472963723477,Backcourt,413,25.2,11,2.5,5.8,1.7,0.2,0.464,0.227,0.868,0.132
Dominique Wilkins,22.476386036961,Frontcourt,1074,35.5,24.8,6.7,2.5,1.3,0.6,0.461,0.319,0.811,0.148
Chris Washburn,21.1095140314853,Frontcourt,72,9,3.1,2.4,0.3,0.2,0.2,0.412,0,0.439,-0.046
Mark Macon,22.2135523613963,Backcourt,251,20,6.7,1.9,1.7,1.4,0.1,0.384,0.27,0.735,0.001
Lawrence Moten,23.2737850787132,Backcourt,119,15.2,6.3,1.5,1.5,0.6,0.3,0.408,0.299,0.652,0.001
Jeff Ruland,21.498288843258,Frontcourt,332,33.4,17.4,10.2,3,0.8,0.8,0.564,0.158,0.718,0.149
Lee Mayberry,22.0492813141684,Backcourt,496,20.8,5.1,1.3,3.6,0.7,0.1,0.415,0.377,0.659,0.036
Dennis Scott,21.8213552361396,Frontcourt,629,28.6,12.9,2.8,2.1,0.8,0.3,0.417,0.397,0.793,0.089
Tate George,22.0930869267625,Backcourt,177,11.4,4.2,1,1.8,0.4,0.1,0.414,0.071,0.82,0.032
Derrick Alston,21.870636550308,Frontcourt,139,19.1,5.4,3.8,0.7,0.7,0.6,0.489,0.143,0.487,0.047
Sidney Green,22.4928131416838,Frontcourt,679,19.5,7.5,6.1,0.9,0.5,0.3,0.454,0.037,0.738,0.063
Zan Tabak,21.0438056125941,Frontcourt,247,14.6,5,3.6,0.7,0.3,0.5,0.506,0,0.525,0.032
Ben Coleman,22.6105407255305,Frontcourt,227,15.9,6.6,4.1,0.6,0.4,0.4,0.516,0,0.759,0.067
Clark Kellogg,21.0054757015743,Frontcourt,260,32.7,18.9,9.5,2.9,1.5,0.4,0.497,0.338,0.757,0.118
Otis Thorpe,21.8870636550308,Frontcourt,1257,31.7,14,8.2,2.2,0.7,0.4,0.546,0.047,0.687,0.128
Johnny Taylor,23.0739219712526,Frontcourt,54,16,4.7,2.2,0.5,0.6,0.4,0.402,0.394,0.718,0.007
Elston Turner,22.0136892539357,Backcourt,505,17.8,4.7,2.7,1.8,0.9,0.1,0.432,0.152,0.714,0.045
Charles Jones,22.4490075290897,Frontcourt,201,15,5,3.8,1,0.5,0.5,0.493,0.111,0.611,0.072
Byron Scott,22.2655715263518,Backcourt,1073,28.1,14.1,2.8,2.5,1.1,0.3,0.482,0.37,0.833,0.12
Anthony Bonner,22.0657084188912,Frontcourt,318,23.2,6.9,5.4,1.4,1.1,0.3,0.468,0.125,0.59,0.07
Mike O'Koren,22.35318275154,Frontcourt,407,21.6,8.2,3.4,2.1,0.8,0.2,0.49,0.271,0.651,0.08
Dan Majerle,22.8158795345654,Backcourt,955,31.6,11.4,4.5,2.9,1.3,0.4,0.431,0.358,0.741,0.125
Jay Edwards,20.4928131416838,Backcourt,4,6.5,1.8,0.5,1,0.3,0,0.429,0,0.333,0.022
Carl Herrera,23.5503080082136,Frontcourt,465,17.3,5.3,3.6,0.6,0.5,0.4,0.476,0.143,0.643,0.054
Tyrone Hill,22.2874743326489,Frontcourt,801,28,9.4,8.6,0.8,0.8,0.5,0.502,0,0.643,0.12
Randolph Childress,22.7802874743326,Backcourt,51,7.9,2.4,0.5,1,0.3,0,0.328,0.273,0.8,-0.026
Gene Banks,22.0848733744011,Frontcourt,468,27.9,11.3,5.8,2.9,0.9,0.2,0.539,0.043,0.73,0.115
Kerry Kittles,22.0547570157426,Backcourt,507,33.4,14.1,3.9,2.6,1.6,0.4,0.439,0.378,0.78,0.127
Acie Earl,23.0355920602327,Frontcourt,193,13,5.1,2.7,0.3,0.3,0.7,0.403,0,0.667,0.005
Maurice Taylor,20.6652977412731,Frontcourt,534,25,11,4.6,1.2,0.5,0.5,0.466,0.152,0.711,0.036
Rick Mahorn,21.7337440109514,Frontcourt,1117,23.1,6.9,6.2,1,0.6,0.9,0.493,0.132,0.704,0.096
Detlef Schrempf,22.4216290212183,Frontcourt,1136,29.6,13.9,6.2,3.4,0.8,0.3,0.491,0.384,0.803,0.156
Danny Ainge,22.2464065708419,Backcourt,1042,26.6,11.5,2.7,4,1.1,0.1,0.469,0.378,0.846,0.124
William Bedford,22.5229295003422,Frontcourt,238,10.6,4.1,2.4,0.5,0.2,0.5,0.416,0.318,0.605,0.017
Derrick Coleman,23.0328542094456,Frontcourt,781,33.2,16.5,9.3,2.5,0.8,1.3,0.447,0.295,0.769,0.119
Johnny Dawkins,22.7337440109514,Backcourt,541,27.5,11.1,2.5,5.5,1.1,0.1,0.456,0.33,0.857,0.07
Derrick Chievous,21.0027378507871,Frontcourt,154,14.5,7.1,2.4,0.7,0.5,0.1,0.443,0.242,0.755,0.057
Bruce Flowers,22.0465434633812,Frontcourt,53,13.2,4.9,3.4,0.9,0.4,0.2,0.534,0,0.774,0.119
Doug Roth,21.8569472963723,Frontcourt,42,9.8,1.9,2.9,0.5,0.2,0.3,0.43,0,0.5,0.052
Luc Longley,22.4462696783025,Frontcourt,567,21.2,7.2,4.9,1.5,0.5,1,0.462,0,0.76,0.07
Steve Johnson,23.6132785763176,Frontcourt,626,21.8,11.7,5.5,1.2,0.5,0.8,0.572,0,0.634,0.095
Kenny Natt,21.6954140999316,Backcourt,49,7.9,3.1,0.8,0.8,0.2,0,0.417,0.2,0.621,-0.026
Larry Micheaux,23.2765229295003,Frontcourt,96,9.3,3.4,2.7,0.5,0.4,0.3,0.567,0,0.61,0.134
Sylvester Gray,20.9883641341547,Frontcourt,55,22.2,8,5.2,2.1,0.7,0.5,0.42,0.25,0.673,0.028
Bobby Jackson,24.3011635865845,Backcourt,755,22.2,9.7,3.1,2.6,0.9,0.1,0.417,0.354,0.793,0.09
Greg Butler,22.3148528405202,Frontcourt,55,3.8,1.4,1,0.1,0,0,0.354,0,0.714,-0.078
Cuonzo Martin,23.7775496235455,Backcourt,7,4.6,1.3,0.4,0.4,0.1,0,0.25,0.6,0,-0.151
Bryon Russell,22.5119780971937,Frontcourt,841,23.5,7.9,3.5,1.3,1,0.2,0.431,0.369,0.75,0.115
Sam Bowie,23.2737850787132,Frontcourt,511,27.6,10.9,7.5,2.1,0.5,1.8,0.452,0.302,0.748,0.091
James Robinson,22.8459958932238,Backcourt,381,18.2,7.6,1.7,1.9,0.5,0.2,0.394,0.348,0.666,0.04
Brian Quinnett,23.0930869267625,Frontcourt,138,11.1,3.4,1.6,0.6,0.3,0.2,0.414,0.326,0.677,0.027
Brian Shaw,22.2847364818617,Backcourt,943,23,6.9,3.4,4.2,0.8,0.3,0.403,0.304,0.782,0.053
Lance Blanks,23.8131416837782,Backcourt,142,7.4,2,0.8,0.8,0.3,0.1,0.436,0.253,0.667,0.031
Elliot Perry,22.2600958247775,Backcourt,549,17.3,6.3,1.4,3.1,1,0,0.459,0.359,0.783,0.071
Jim Thomas,22.703627652293,Backcourt,161,20.9,8.4,2.6,2.3,0.9,0.1,0.471,0.17,0.763,0.071
Eric Mobley,24.4216290212183,Frontcourt,113,13.9,3.9,3.1,0.5,0.2,0.5,0.541,0.75,0.475,0.034
James Collins,23.6516084873374,Backcourt,23,4.5,2.6,0.6,0.1,0.3,0.1,0.382,0.45,0.571,0.008
Keith Booth,22.72553045859,Frontcourt,45,10,2.9,2.2,0.9,0.5,0.2,0.325,0.091,0.563,-0.08
Derek Anderson,22.952772073922,Backcourt,615,29.2,12,3.2,3.4,1.1,0.1,0.408,0.341,0.853,0.117
Everette Stephens,21.7008898015058,Backcourt,38,5.7,1.9,0.6,1,0.2,0.1,0.333,0.2,0.792,-0.083
Sidney Moncrief,21.7720739219713,Backcourt,767,30.2,15.6,4.7,3.6,1.2,0.3,0.502,0.284,0.831,0.187
Chris Mullin,21.9007529089665,Frontcourt,986,32.6,18.2,4.1,3.5,1.6,0.6,0.509,0.384,0.865,0.139
Kevin Willis,21.7994524298426,Frontcourt,1424,26.9,12.1,8.4,0.9,0.7,0.5,0.487,0.211,0.713,0.102
Cherokee Parks,22.72553045859,Frontcourt,472,15.8,4.4,3.6,0.6,0.4,0.6,0.47,0.211,0.63,0.076
A.J. English,22.9774127310062,Backcourt,151,20.6,9.9,2.1,2.1,0.4,0.2,0.435,0.138,0.778,0.017
Kendall Gill,22.104038329911,Backcourt,966,30.5,13.4,4.1,3,1.6,0.4,0.434,0.3,0.754,0.078
Bill Cartwright,21.9171800136893,Frontcourt,963,28.5,13.2,6.3,1.4,0.5,0.7,0.525,0,0.771,0.127
Gary Payton,21.9418206707734,Backcourt,1335,35.3,16.3,3.9,6.7,1.8,0.2,0.466,0.317,0.729,0.148
Kelly Tripucka,22.3258042436687,Frontcourt,707,29.6,17.2,3.8,3,1,0.2,0.473,0.361,0.849,0.102
Dale Davis,22.2683093771389,Frontcourt,1094,27.1,8,7.9,0.9,0.6,1.2,0.53,0,0.562,0.141
Terrence Rencher,22.3668720054757,Backcourt,36,11.3,2.9,1.2,1.5,0.4,0.1,0.33,0.31,0.674,-0.021
Reggie Lewis,21.5968514715948,Backcourt,450,32.6,17.6,4.3,2.6,1.3,0.9,0.488,0.2,0.824,0.127
Rod Higgins,22.4243668720055,Frontcourt,779,22.1,9,3.6,1.6,0.6,0.5,0.465,0.342,0.808,0.106
Danny Vranes,22.6269678302532,Frontcourt,510,20.8,5.1,3.9,1.2,0.7,0.5,0.496,0.105,0.57,0.069
Mike Iuzzolino,23.4407939767283,Backcourt,122,25,9,2,4.3,0.7,0.1,0.457,0.404,0.798,0.058
Harold Pressley,22.9418206707734,Frontcourt,299,22.7,9,4.5,2.1,0.9,0.6,0.437,0.358,0.778,0.07
Larry Johnson,22.2984257357974,Frontcourt,707,36.3,16.2,7.5,3.3,0.7,0.4,0.484,0.332,0.766,0.13
Clifford Robinson,22.5448323066393,Frontcourt,1380,30.8,14.2,4.6,2.2,1,1,0.438,0.356,0.689,0.101
Adonal Foyle,22.3121149897331,Frontcourt,733,17.8,4.1,4.7,0.5,0.4,1.6,0.477,0,0.499,0.069
Kevin Brooks,21.7173169062286,Frontcourt,126,8.2,3.3,1.1,0.4,0.1,0,0.401,0.2,0.859,-0.004
Stanley Roberts,21.394250513347,Frontcourt,300,19.6,8.5,5.2,0.6,0.4,1.3,0.499,0,0.514,0.066
Elmer Bennett,22.3750855578371,Backcourt,21,7.6,2.3,0.5,1,0.4,0,0.34,0.273,0.722,-0.095
Frank Kornet,22.4298425735797,Frontcourt,89,6.7,1.9,1.1,0.3,0.2,0,0.369,0.263,0.596,-0.004
Steve Harris,21.6899383983573,Backcourt,207,13.7,7,1.8,1.1,0.6,0.1,0.434,0.05,0.842,0.053
Antonio Davis,21.6680355920602,Frontcourt,903,28.9,10,7.5,1.1,0.5,1,0.448,0.087,0.727,0.11
Sleepy Floyd,22.3285420944559,Backcourt,957,27.6,12.8,2.6,5.4,1.2,0.2,0.444,0.324,0.815,0.092
David Wingate,22.5201916495551,Backcourt,740,17.9,5.6,1.9,1.9,0.8,0.2,0.445,0.272,0.738,0.042
Butch Carter,22.0136892539357,Backcourt,361,18.9,8.7,1.5,1.9,0.9,0.1,0.475,0.307,0.788,0.06
Jerome Allen,22.4271047227926,Backcourt,117,11.2,2.9,1.1,1.7,0.4,0.1,0.35,0.317,0.63,0.006
Jay Vincent,22.0136892539357,Frontcourt,576,27,15.2,5.5,2,0.7,0.3,0.474,0.148,0.784,0.085
Alonzo Mourning,22.3887748117728,Frontcourt,838,31,17.1,8.5,1.1,0.5,2.8,0.527,0.247,0.692,0.166
Anthony Jones,23.7748117727584,Backcourt,164,10.4,3.6,1.3,0.7,0.5,0.2,0.393,0.306,0.74,0.022
Chris Anstey,22.4955509924709,Frontcourt,155,13.9,5.2,3.4,0.8,0.5,0.4,0.413,0.138,0.755,0.062
Isaiah Rider,22.3175906913073,Backcourt,563,31.7,16.7,3.8,2.7,0.7,0.2,0.443,0.352,0.812,0.061
Charles Smith,22.9664613278576,Frontcourt,564,29,14.4,5.8,1.4,0.8,1.4,0.475,0.194,0.774,0.12
Harold Miner,21.1533196440794,Backcourt,200,18.7,9,2.2,1.2,0.4,0.1,0.46,0.311,0.785,0.053
Luther Wright,21.7857631759069,Frontcourt,15,6.1,1.3,0.7,0,0.1,0.1,0.348,0,0.75,-0.064
Rodney Monroe,23.208076659822,Backcourt,38,8.2,3.4,0.9,0.7,0.3,0.1,0.368,0.222,0.826,-0.035
Randolph Keys,22.208076659822,Frontcourt,241,13.8,5.2,2.3,0.8,0.6,0.2,0.425,0.272,0.721,0.034
Derek Fisher,21.8952772073922,Backcourt,1287,25.4,8.3,2.1,3,1.1,0.1,0.399,0.374,0.817,0.091
J.J. Anderson,21.7775496235455,Frontcourt,157,12.5,4.8,2.8,0.7,0.7,0.2,0.465,0,0.558,0.065
Don Reid,21.5065023956194,Frontcourt,403,13.3,3.6,2.9,0.4,0.5,0.7,0.53,0,0.658,0.123
Bill Hanzlik,22.5256673511294,Backcourt,748,20.8,7.2,2.8,2.8,1,0.3,0.434,0.213,0.781,0.076
Thurl Bailey,22.2381930184805,Frontcourt,928,26.8,12.8,5.1,1.4,0.5,1.2,0.473,0.114,0.812,0.087
Kenny Anderson,20.72553045859,Backcourt,858,30.1,12.6,3.1,6.1,1.5,0.1,0.421,0.346,0.79,0.116
Howard Carter,21.684462696783,Backcourt,66,11.4,5.3,1.3,1.1,0.3,0.1,0.44,0.227,0.774,-0.002
Dave Magley,22.6105407255305,Frontcourt,14,4,0.9,0.7,0.1,0.1,0,0.25,0,0.5,-0.066
Otis Smith,22.394250513347,Backcourt,375,20.6,10.5,3.8,1.8,1,0.5,0.455,0.251,0.762,0.076
Marlon Maxey,23.3586584531143,Frontcourt,98,11.7,4.9,3.7,0.2,0.3,0.5,0.542,0,0.685,0.109
Chris Whitney,21.7501711156742,Backcourt,579,17.4,6.5,1.4,2.8,0.6,0.1,0.395,0.361,0.875,0.101
Haywoode Workman,23.4407939767283,Backcourt,359,20.1,5.5,2.3,3.9,1,0.1,0.419,0.323,0.764,0.071
Gary Grant,23.2026009582478,Backcourt,552,22.8,7.9,2.3,5.5,1.5,0.1,0.45,0.278,0.776,0.046
Cliff Levingston,21.4955509924709,Frontcourt,830,20.4,7.1,5.2,0.9,0.6,0.7,0.516,0.152,0.676,0.125
Bison Dele,22.2354551676934,Frontcourt,413,24.2,11,6.2,1.1,0.8,0.9,0.528,0.143,0.691,0.109
Dave Johnson,21.6187542778919,Backcourt,59,8.1,3.5,1.1,0.3,0.2,0,0.365,0.2,0.663,-0.032
Rodney Rogers,22.0438056125941,Frontcourt,866,25.3,10.9,4.5,2,1,0.5,0.451,0.347,0.69,0.085
Pooh Richardson,23.1368925393566,Backcourt,639,30.4,11.1,2.8,6.5,1.3,0.2,0.444,0.329,0.652,0.066
Keith Smart,23.7830253251198,Backcourt,2,6,1,0.5,1,0,0,0,0,1,-0.175
Vincent Askew,21.3258042436687,Backcourt,467,20,7.1,2.5,2.2,0.7,0.2,0.479,0.3,0.754,0.113
Michael Finley,22.3258042436687,Backcourt,1103,34.4,15.7,4.4,2.9,0.9,0.3,0.444,0.375,0.811,0.108
Latrell Sprewell,21.807665982204,Backcourt,913,38.6,18.3,4.1,4,1.4,0.4,0.425,0.337,0.804,0.077
Mike Peplowski,22.7227926078029,Frontcourt,68,10.4,2.9,2.6,0.4,0.3,0.4,0.556,0,0.531,0.067
Isaac Austin,21.8678986995209,Frontcourt,432,19.3,7.6,4.7,1.2,0.5,0.5,0.446,0.176,0.67,0.053
Frankie King,23.0739219712526,Backcourt,13,6.1,2.1,1.2,0.5,0.5,0,0.357,0.333,0.75,0.025
Elden Campbell,21.9418206707734,Frontcourt,1044,24.7,10.3,5.9,1.1,0.7,1.5,0.46,0.054,0.699,0.117
A.C. Green,21.7200547570157,Frontcourt,1278,28.6,9.6,7.4,1.1,0.8,0.4,0.494,0.254,0.734,0.131
Tony Battie,21.3832991101985,Frontcourt,837,21.1,6.1,5.1,0.6,0.5,0.9,0.488,0.162,0.69,0.099
Buck Johnson,22.4681724845996,Frontcourt,505,23.5,9.1,3.5,1.7,0.8,0.5,0.488,0.113,0.738,0.084
Mark Acres,22.6050650239562,Frontcourt,375,16,3.6,4.1,0.5,0.4,0.3,0.506,0.538,0.665,0.075
Greg Minor,22.7939767282683,Backcourt,277,18.6,6.9,2.7,1.4,0.6,0.2,0.478,0.226,0.767,0.077
Larry Drew,22.2053388090349,Backcourt,714,25.7,11.4,1.8,5.2,1.1,0.1,0.467,0.291,0.798,0.064
Byron Houston,22.6023271731691,Frontcourt,214,12.5,3.9,3,0.5,0.5,0.4,0.456,0.256,0.676,0.069
James Cotton,21.5448323066393,Backcourt,19,4.8,2.6,0.8,0,0.2,0.1,0.359,0,0.778,0.008
Malik Sealy,22.4079397672827,Backcourt,493,23.8,10.1,3.2,1.7,1.1,0.3,0.426,0.292,0.809,0.07
Khalid Reeves,21.9691991786448,Backcourt,277,21.1,7.8,2.1,3.2,0.8,0.1,0.416,0.363,0.744,0.069
Ray Blume,22.72553045859,Backcourt,49,11.1,4.6,0.8,1.4,0.5,0,0.459,0.222,0.643,-0.013
Kevin Thompson,22.4079397672827,Frontcourt,14,4.1,0.9,0.9,0.2,0,0.1,0.429,0,0.5,-0.016
Sly Williams,21.4243668720055,Frontcourt,305,21.7,10.9,4.2,2,1.1,0.2,0.478,0.162,0.692,0.097
Rod Foster,22.7282683093771,Backcourt,207,16.6,7.5,1.2,2.3,0.7,0,0.44,0.298,0.768,0.031
Mark West,22.6570841889117,Frontcourt,1090,18.5,5.7,4.9,0.4,0.3,1.3,0.58,0,0.568,0.1
Dontonio Wingfield,20.0301163586585,Frontcourt,114,10.1,3.7,2.4,0.7,0.3,0.1,0.389,0.309,0.721,0.074
Kevin Lynch,22.517453798768,Backcourt,95,12,3.3,1.3,1.1,0.5,0.2,0.436,0.333,0.726,0.016
Kevin McHale,22.4900752908966,Frontcourt,971,31,17.9,7.3,1.7,0.4,1.7,0.554,0.261,0.798,0.18
Jim Jackson,21.7091033538672,Backcourt,885,32.8,14.3,4.7,3.2,0.8,0.2,0.428,0.365,0.825,0.059
Louis Orr,22.1095140314853,Frontcourt,569,23.5,9.7,3.7,1.5,0.8,0.3,0.468,0.083,0.787,0.093
Eric Riley,23.0930869267625,Frontcourt,186,9.9,3.1,2.6,0.3,0.3,0.7,0.456,0,0.704,0.066
Eric Montross,22.7802874743326,Frontcourt,465,18.2,4.5,4.6,0.4,0.3,0.6,0.49,0,0.478,0.048
Derek Strong,22.394250513347,Frontcourt,456,18.7,6.8,4.9,0.6,0.4,0.2,0.43,0.18,0.786,0.104
Franklin Edwards,22.3641341546886,Backcourt,296,15,6.1,1,2.6,0.8,0.1,0.449,0.03,0.795,0.043
Larry Smith,22.4079397672827,Frontcourt,883,25.9,6.7,9.2,1.1,0.8,0.5,0.531,0,0.531,0.096
Terence Stansbury,23.3230663928816,Backcourt,192,15.5,6.3,1.4,2,0.6,0.1,0.444,0.224,0.779,0.038
Malcolm Mackey,22.9856262833676,Frontcourt,22,3.1,1.5,1.1,0,0,0.1,0.378,0,0.5,0.036
Terry Teagle,22.2327173169062,Frontcourt,687,21.1,11.6,2.6,1.4,0.8,0.2,0.465,0.21,0.792,0.044
Quintin Dailey,21.4462696783025,Backcourt,528,23,14.1,2.5,2.3,0.9,0.1,0.454,0.158,0.779,0.05
Andrew DeClercq,22.4161533196441,Frontcourt,587,16.8,4.8,4.2,0.6,0.7,0.5,0.507,0,0.621,0.094
Toni Kukoc,21.7857631759069,Frontcourt,846,26.3,11.6,4.2,3.7,1,0.3,0.447,0.335,0.729,0.129
Sam Vincent,22.1013004791239,Backcourt,396,19,7.8,2.1,3.9,0.7,0.2,0.449,0.182,0.863,0.069
Eric Piatkowski,23.7611225188227,Backcourt,789,18.5,7.5,2.2,1,0.5,0.1,0.434,0.399,0.839,0.102
Jeff Lamp,22.2683093771389,Frontcourt,291,11.9,5.1,1.5,0.9,0.4,0,0.47,0.222,0.841,0.072
Wayne Robinson,22.1587953456537,Frontcourt,81,19.7,7.9,3.6,1.4,0.6,0.3,0.46,0,0.729,0.052
J.R. Reid,21.2546201232033,Frontcourt,672,22.9,8.5,5,1,0.8,0.4,0.472,0.135,0.716,0.07
Isiah Thomas,20.1232032854209,Backcourt,979,36.3,19.2,3.6,9.3,1.9,0.3,0.452,0.29,0.759,0.109
Steve Stipanovich,22.6242299794661,Frontcourt,403,31.2,13.2,7.8,2.3,1,0.9,0.484,0.179,0.796,0.116
Jerome Lane,21.580424366872,Frontcourt,218,14.7,5.3,5.8,1.5,0.6,0.2,0.441,0.063,0.379,0.034
Sam Williams,22.2737850787132,Frontcourt,257,17.6,6.3,4.5,0.6,0.8,1.2,0.5,0,0.653,0.095
Greg Stokes,21.8843258042437,Frontcourt,42,9.1,3.1,1.5,0.4,0.3,0.3,0.445,0,0.696,0.041
David Robinson,21.8898015058179,Frontcourt,987,34.7,21.1,10.6,2.5,1.4,3,0.518,0.25,0.736,0.25
Jud Buechler,22.0355920602327,Frontcourt,720,11.7,3.3,1.8,0.8,0.4,0.2,0.433,0.366,0.633,0.094
Chauncey Billups,20.7611225188227,Backcourt,1043,31.6,15.2,2.9,5.4,1,0.2,0.415,0.387,0.894,0.176
Sherell Ford,22.8514715947981,Frontcourt,28,5,3.2,0.9,0.2,0.3,0,0.375,0.16,0.765,0.124
Willie Anderson,21.4845995893224,Backcourt,555,28.8,12.2,3.8,3.8,1.1,0.6,0.471,0.266,0.786,0.084
Rodrick Rhodes,23.766598220397,Backcourt,72,17.1,5.3,1.2,1.7,1,0.2,0.347,0.2,0.62,-0.064
Claude Gregory,22.4681724845996,Frontcourt,25,12.6,5.4,3.9,0.6,0.4,0.5,0.456,0,0.333,0.007
Bobby Hurley,22.0219028062971,Backcourt,269,15.5,3.8,1.1,3.3,0.4,0,0.353,0.272,0.769,-0.014
Tom Chambers,21.9828884325804,Frontcourt,1107,30.6,18.1,6.1,2.1,0.8,0.6,0.468,0.307,0.807,0.112
Richard Petruska,24.4435318275154,Frontcourt,22,4.2,2.4,1.4,0,0.1,0.1,0.435,0.467,0.75,-0.014
Cory Blackwell,21.2464065708419,Frontcourt,60,9.2,3.4,1.6,0.4,0.4,0.1,0.367,0,0.509,-0.081
Eric Murdock,23.0465434633812,Backcourt,508,23.4,10.1,2.5,4.9,1.6,0.1,0.438,0.343,0.786,0.103
Jeff Grayer,22.5448323066393,Frontcourt,438,18.9,7.4,3,1.4,0.6,0.1,0.457,0.255,0.663,0.052
Ennis Whatley,20.8925393566051,Backcourt,385,18.5,5.6,1.8,4.6,1,0.1,0.468,0.097,0.755,0.065
Doc Rivers,21.7200547570157,Backcourt,864,27.3,10.9,3,5.7,1.8,0.4,0.444,0.328,0.784,0.139
Chris Carr,21.3093771389459,Backcourt,297,15.2,6.7,2.2,1,0.3,0.2,0.416,0.338,0.807,0.042
Ricky Berry,23.7419575633128,Frontcourt,64,22,11,3.1,1.3,0.6,0.3,0.45,0.406,0.789,0.083
Dave Feitl,24.041067761807,Frontcourt,275,10.9,4.3,3,0.5,0.2,0.2,0.433,0,0.751,0.022
Johnny Newman,22.5667351129363,Frontcourt,1159,24.5,11,2.2,1.5,0.9,0.2,0.461,0.336,0.81,0.085
Ronnie Murphy,22.911704312115,Frontcourt,18,4.9,2,0.6,0.3,0.3,0.1,0.286,0.25,0.636,-0.13
Greg Grant,22.8432580424367,Backcourt,274,12.2,2.8,0.9,2.7,0.6,0,0.383,0.281,0.71,0.023
Johnny Moore,21.3258042436687,Backcourt,520,25.8,9.4,3,7.4,2,0.2,0.46,0.251,0.712,0.108
Lester Conner,22.7967145790554,Backcourt,687,21.8,6.3,2.7,3.9,1.6,0.1,0.453,0.202,0.753,0.092
Lancaster Gordon,22.0027378507871,Backcourt,201,12.8,5.6,1.3,1.5,0.6,0.2,0.391,0.271,0.767,-0.05
Karl Malone,21.9171800136893,Frontcourt,1476,37.2,25,10.1,3.6,1.4,0.8,0.516,0.274,0.742,0.205
Mark Jackson,22.2381930184805,Backcourt,1296,30.2,9.6,3.8,8,1.2,0.1,0.447,0.332,0.77,0.113
Michael Wiley,22.6652977412731,Frontcourt,94,13.7,7.4,2.6,0.7,0.5,0.2,0.561,0,0.709,0.107
Lorenzen Wright,20.6570841889117,Frontcourt,778,23.8,8,6.4,0.8,0.6,0.7,0.459,0.069,0.645,0.079
Nick Vanos,22.1971252566735,Frontcourt,68,12.4,3.3,3.5,0.9,0.3,0.4,0.383,0,0.561,-0.007
Rik Smits,21.8624229979466,Frontcourt,867,26.6,14.8,6.1,1.4,0.4,1.3,0.507,0.115,0.773,0.118
Loren Meyer,22.5065023956194,Frontcourt,140,14.6,4.6,3.4,0.6,0.2,0.4,0.432,0.348,0.696,0.012
B.J. Tyler,23.1806981519507,Backcourt,55,14.7,3.5,1.1,3.2,0.7,0,0.381,0.314,0.7,-0.039
Jalen Rose,21.4243668720055,Backcourt,923,30.3,14.3,3.5,3.8,0.8,0.3,0.443,0.355,0.801,0.081
Mark Blount,21.5831622176591,Frontcourt,605,23.1,8.2,4.6,0.8,0.5,0.8,0.504,0.359,0.723,0.065
Jeff Martin,22.4654346338125,Backcourt,143,18.8,6.7,2,0.8,0.5,0.3,0.417,0.282,0.694,0.038
Dennis Rodman,25.1122518822724,Frontcourt,911,31.7,7.3,13.1,1.8,0.7,0.6,0.521,0.231,0.584,0.15
Steve Nash,22.3969883641342,Backcourt,1217,31.3,14.3,3,8.5,0.7,0.1,0.49,0.428,0.904,0.164
Donald Hodge,22.3449691991786,Frontcourt,249,14.1,4.7,3.2,0.8,0.3,0.4,0.437,0.286,0.711,0.025
Rick Fox,21.9363449691992,Frontcourt,930,25.5,9.6,3.8,2.8,1,0.4,0.45,0.349,0.77,0.09
Sean Higgins,21.5037645448323,Backcourt,220,15.2,6.3,1.8,1,0.3,0.1,0.428,0.321,0.85,0.006
Andrew Toney,22.5612594113621,Backcourt,468,26.9,15.9,2.2,4.2,0.8,0.2,0.5,0.342,0.797,0.103
Paul Mokeski,22.4873374401095,Frontcourt,694,14,4,3.4,0.7,0.3,0.4,0.451,0.216,0.694,0.067
Allan Houston,22.2108145106092,Backcourt,839,33.7,17.3,2.9,2.4,0.7,0.2,0.444,0.402,0.863,0.094
Bob Sura,22.2737850787132,Backcourt,657,23.7,8.6,3.4,3.8,1,0.2,0.414,0.325,0.689,0.087
Randy White,21.6598220396988,Frontcourt,281,19.2,7.4,4.9,0.6,0.7,0.5,0.401,0.193,0.707,0.017
Darrell Griffith,22,Backcourt,765,28,16.2,3.3,2.1,1.2,0.3,0.463,0.332,0.707,0.049
Byron Irvin,22.5831622176591,Backcourt,87,9.8,5.2,1.4,0.8,0.5,0,0.471,0.35,0.722,0.121
Michael Brooks,21.829568788501,Frontcourt,319,29.4,12.8,6.3,2.6,1.2,0.4,0.486,0.152,0.714,0.085
Tony Smith,22.0492813141684,Backcourt,457,16,5.5,1.6,1.9,0.7,0.2,0.431,0.307,0.69,0.044
Terry Dehere,21.8131416837782,Backcourt,402,18.2,8,1.5,2.6,0.5,0.1,0.411,0.378,0.779,0.048
Doug Overton,21.9089664613279,Backcourt,499,14.6,4.5,1.3,2.1,0.4,0,0.412,0.319,0.816,0.016
Priest Lauderdale,22.8350444900753,Frontcourt,74,7.1,3.4,1.9,0.4,0.1,0.4,0.472,0,0.554,-0.074
George Lynch,22.8377823408624,Frontcourt,774,22.8,6.6,5,1.4,1.1,0.3,0.446,0.306,0.652,0.088
Tim Duncan,21.1806981519507,Frontcourt,1392,34,19,10.8,3,0.7,2.2,0.506,0.179,0.696,0.209
Tracy Jackson,22.1505817932923,Backcourt,129,13.9,5.4,1.9,1,0.6,0.1,0.463,0.154,0.749,0.064
Kenny Green,20.6981519507187,Frontcourt,60,10.4,4.4,1.7,0.3,0.2,0.2,0.412,0,0.721,-0.022
Rickey Brown,21.8213552361396,Frontcourt,340,13.2,4.4,3.5,0.4,0.3,0.3,0.464,0,0.667,0.051
Reggie Miller,21.8405201916496,Backcourt,1389,34.3,18.2,3,3,1.1,0.2,0.471,0.395,0.888,0.176
Duane Washington,22.8213552361396,Backcourt,19,9.7,2.8,1.3,2.1,0.7,0,0.383,0.5,0.8,0.092
Brad Daugherty,20.6735112936345,Frontcourt,548,36.5,19,9.5,3.7,0.8,0.7,0.532,0.143,0.747,0.156
John Bagley,22.1971252566735,Backcourt,665,25.7,8.7,2.6,6,1.1,0.1,0.437,0.241,0.779,0.047
Michael Smith,22.2683093771389,Frontcourt,449,23.5,5.6,7.1,1.5,0.8,0.6,0.538,0.143,0.529,0.107
Tony Bennett,23.0793976728268,Backcourt,152,12.4,3.5,1,2,0.5,0,0.412,0.335,0.732,0.041
Bryant Stith,21.5530458590007,Backcourt,586,28,10.1,3.4,2,1,0.2,0.424,0.329,0.841,0.086
Doug Christie,22.1423682409309,Backcourt,827,31.5,11.2,4.1,3.6,1.9,0.5,0.426,0.354,0.821,0.102
Donny Marshall,22.9609856262834,Frontcourt,119,7.7,2.5,1,0.3,0.3,0,0.321,0.336,0.681,0.045
Alfredrick Hughes,22.9308692676249,Frontcourt,68,12.7,5.2,1.7,0.9,0.4,0.1,0.409,0.176,0.583,-0.029
Mark Price,22.3504449007529,Backcourt,722,29.9,15.2,2.6,6.7,1.2,0.1,0.472,0.402,0.904,0.158
Mitchell Wiggins,23.7638603696099,Backcourt,389,20.8,10,3.2,1.6,1,0.1,0.46,0.192,0.755,0.09
Chris Morris,22.4517453798768,Frontcourt,747,25.1,11,4.7,1.6,1.2,0.7,0.441,0.306,0.739,0.096
Christian Laettner,22.8678986995209,Frontcourt,868,29.7,12.8,6.7,2.6,1.1,0.8,0.48,0.261,0.82,0.121
Bubba Wells,22.9308692676249,Frontcourt,39,10.1,3.3,1.7,0.9,0.4,0.1,0.414,0.167,0.721,0.013
Orlando Woolridge,21.4955509924709,Frontcourt,851,28.3,16,4.3,1.9,0.6,0.7,0.513,0.091,0.737,0.106
Jerrod Mustaf,20.6762491444216,Frontcourt,179,10.6,4,2.5,0.6,0.3,0.3,0.449,0,0.648,0.043
Greg Foster,21.7446954140999,Frontcourt,656,12.2,3.9,2.6,0.5,0.1,0.3,0.44,0.225,0.748,0.033
Moochie Norris,22.9308692676249,Backcourt,445,17.2,5.1,2,2.8,0.7,0,0.401,0.286,0.74,0.063
Tony Dumas,21.8569472963723,Backcourt,156,14.2,7.3,1.3,1.2,0.4,0.1,0.404,0.327,0.608,0.027
Loy Vaught,22.3449691991786,Frontcourt,689,24.7,10.1,7.1,0.9,0.7,0.3,0.504,0.244,0.718,0.101
Martin Muursepp,21.7638603696099,Frontcourt,83,11.5,4.7,2.2,0.6,0.5,0.3,0.425,0.323,0.693,0.1
Tom Garrick,21.9911019849418,Backcourt,251,18.8,5.4,2,3.4,1.1,0.1,0.469,0.083,0.775,0.06
Ed Rains,24.4736481861739,Frontcourt,83,11.2,3.5,1.5,0.7,0.3,0,0.423,0,0.626,0.034
Sherman Douglas,22.7967145790554,Backcourt,765,27.6,11,2.2,5.9,1,0.1,0.484,0.267,0.678,0.075
Fernando Martin,23.249144421629,Frontcourt,24,6.1,0.9,1.2,0.4,0.3,0,0.29,0,0.364,-0.144
Dirk Minniefield,22.4572210814511,Backcourt,222,17.1,5.3,1.7,3.8,0.9,0,0.47,0.272,0.739,0.052
Roy Marble,22.5530458590007,Backcourt,29,6.7,1.9,1.1,0.4,0.2,0.1,0.257,0,0.594,-0.122
Jeff McInnis,21.6926762491444,Backcourt,576,27.7,9.4,2,4.4,0.6,0.1,0.431,0.328,0.796,0.07
Joe Wolf,22.5256673511294,Frontcourt,592,16.3,4.2,3.3,1,0.4,0.2,0.423,0.164,0.77,0.017
Eric Williams,22.9609856262834,Frontcourt,658,23.9,8.6,3.3,1.4,0.8,0.2,0.415,0.318,0.736,0.071
Dwayne Schintzius,21.7145790554415,Frontcourt,217,9,2.7,2.5,0.4,0.1,0.5,0.404,0.125,0.638,0.024
Scott Hastings,22.0848733744011,Frontcourt,578,10.4,2.8,2.2,0.5,0.3,0.3,0.441,0.292,0.811,0.079
Anthony Taylor,22.5913757700205,Backcourt,21,17.5,6.9,1.6,2,1,0.2,0.397,0,0.75,0.029
Doug Edwards,22.4544832306639,Frontcourt,85,9.9,2.4,1.8,0.7,0.2,0.3,0.378,0,0.709,0.013
Antonio McDyess,20.8186173853525,Frontcourt,1015,27.6,12,7.5,1.3,0.8,1.1,0.497,0.117,0.67,0.119
Steve Kerr,22.766598220397,Backcourt,910,17.8,6,1.2,1.8,0.5,0.1,0.479,0.454,0.864,0.14
Ken Norman,22.807665982204,Frontcourt,646,29.4,13.5,6.1,2.1,0.8,0.7,0.486,0.312,0.567,0.069
Pearl Washington,22.4599589322382,Backcourt,194,20.8,8.6,1.9,3.8,1.3,0.1,0.452,0.184,0.746,0.023
Ricky Pierce,22.8761122518823,Backcourt,969,24.4,14.9,2.4,1.9,0.8,0.2,0.493,0.322,0.875,0.146
Derek Harper,21.7200547570157,Backcourt,1199,31.5,13.3,2.4,5.5,1.6,0.3,0.463,0.354,0.745,0.11
Bill Wennington,22.1615331964408,Frontcourt,720,13.5,4.6,3,0.6,0.3,0.3,0.459,0.139,0.787,0.087
Pace Mannion,22.7775496235455,Backcourt,216,9.8,3.1,1.2,1.1,0.5,0.1,0.413,0.203,0.663,0.038
Sean Green,21.4079397672827,Backcourt,84,8,4.2,1,0.5,0.4,0.2,0.386,0.246,0.62,-0.095
Steve Smith,22.2518822724162,Backcourt,942,30.6,14.3,3.2,3.1,0.8,0.3,0.44,0.358,0.845,0.139
Kevin Williams,21.807665982204,Backcourt,260,11.3,4.9,1.4,1.2,0.6,0.1,0.435,0.077,0.805,0.042
Corliss Williamson,21.5776865160849,Frontcourt,822,22.8,11.1,3.9,1.2,0.6,0.3,0.49,0.136,0.714,0.089
Rob Williams,21.1642710472279,Backcourt,153,22,8.6,2.2,5.4,1.1,0.1,0.439,0.274,0.789,0.03
Bill Garnett,22.1998631074606,Frontcourt,300,17.5,5.5,4.3,1.3,0.5,0.6,0.49,0,0.72,0.099
Brooks Thompson,23.9609856262834,Backcourt,168,10.2,4.5,0.9,1.7,0.5,0,0.409,0.376,0.647,0.057
Adrian Branch,21.5995893223819,Frontcourt,130,11,6.4,1.9,0.7,0.6,0.1,0.455,0.231,0.744,0.07
Ollie Mack,22.0657084188912,Backcourt,128,19.6,7.2,2.5,1.8,0.7,0.1,0.458,0,0.674,0.048
Tom Tolbert,22.7145790554415,Frontcourt,312,18.2,6.5,4,0.9,0.4,0.3,0.46,0.296,0.716,0.056
Mark Bryant,23.1916495550992,Frontcourt,797,16.9,5.4,3.8,0.6,0.4,0.2,0.5,0.083,0.697,0.093
Samaki Walker,20.3477070499658,Frontcourt,445,17.1,5.3,4.7,0.6,0.3,0.7,0.462,0.111,0.63,0.089
Antonio Lang,22.1368925393566,Frontcourt,143,9.8,2.3,1.5,0.3,0.4,0.3,0.455,0,0.719,0.057
Duane Causwell,22.0876112251882,Frontcourt,541,17.4,4.9,4.2,0.4,0.4,1.4,0.507,0.286,0.618,0.081
Ray Allen,20.9500342231348,Backcourt,1300,35.6,18.9,4.1,3.4,1.1,0.2,0.452,0.4,0.894,0.15
Ron Anderson,25.6954140999316,Frontcourt,664,22.8,10.6,3.5,1.4,0.7,0.1,0.471,0.287,0.814,0.077
Steve Bardo,22.2409308692676,Backcourt,33,9.1,2.2,1.8,1.3,0.4,0.1,0.329,0.1,0.696,-0.02
Eddie Phillips,20.7611225188227,Frontcourt,48,8.7,3.2,1.6,0.6,0.3,0.2,0.406,0,0.678,0.011
Anthony Peeler,22.5941136208077,Backcourt,827,24.7,9.7,2.6,2.4,0.9,0.2,0.427,0.384,0.799,0.072
Brian Oliver,22.0848733744011,Backcourt,118,10,3.3,1,1,0.4,0.1,0.388,0.227,0.705,-0.02
Donnie Boyce,21.8323066392882,Backcourt,30,6.5,2.6,0.8,0.5,0.4,0.2,0.349,0.25,0.5,-0.064
Pat Durham,22.3148528405202,Frontcourt,64,14.5,5,1.7,0.9,0.6,0.5,0.469,0.192,0.667,0.037
Tom Hammonds,22.2683093771389,Frontcourt,687,15.2,5.3,3.3,0.6,0.2,0.2,0.48,0,0.691,0.068
Melvin Turpin,23.4900752908966,Frontcourt,361,19,8.5,4.6,0.5,0.4,1,0.516,0.111,0.777,0.096
Dwayne McClain,22.3750855578371,Backcourt,45,10.2,3.5,0.7,1.5,0.8,0.1,0.383,0.111,0.514,-0.026
Carl Nicks,21.6926762491444,Backcourt,156,16.5,6.8,1.9,1.6,0.8,0,0.462,0,0.57,-0.007
George Zidek,21.9171800136893,Frontcourt,135,9.8,3.4,2.1,0.2,0.1,0.1,0.408,0.25,0.783,0.029
Ledell Eackles,21.6078028747433,Backcourt,441,20.2,10.8,2.2,1.7,0.6,0.1,0.445,0.336,0.767,0.058
Adonis Jordan,22.8733744010951,Backcourt,10,9.7,2.1,0.6,2.2,0.3,0.1,0.296,0.25,0.5,-0.015
James Ray,22.8870636550308,Frontcourt,103,8.2,3.2,2.2,0.7,0.4,0.4,0.428,0.333,0.629,-0.017
Mike Morrison,21.8788501026694,Backcourt,36,4.3,2,0.6,0.3,0.1,0,0.338,0.286,0.8,-0.106
Gaylon Nickerson,25.4106776180698,Backcourt,4,10.5,3.8,1.3,0.3,0.3,0.3,0.333,0,1,0.076
Doug Lee,22.6735112936345,Backcourt,73,5.7,2.3,0.6,0.4,0.2,0.1,0.412,0.31,0.7,0.086
Felton Spencer,22.4626967830253,Frontcourt,640,19.2,5.2,5.4,0.3,0.4,0.8,0.484,0,0.658,0.081
Alvin Williams,22.9007529089665,Backcourt,460,27.4,9,2.5,4.1,1.2,0.2,0.421,0.313,0.76,0.082
Grant Hill,21.7446954140999,Frontcourt,1026,33.9,16.7,6,4.1,1.2,0.6,0.483,0.314,0.769,0.138
Russ Schoene,22.2162902121834,Frontcourt,290,12.2,5.1,2.5,0.6,0.4,0.2,0.435,0.335,0.751,0.061
Brent Barry,23.5065023956194,Backcourt,912,25.9,9.3,3,3.2,1,0.3,0.46,0.405,0.823,0.143
Tim Thomas,20.3394934976044,Frontcourt,824,25.9,11.5,4.1,1.5,0.7,0.4,0.437,0.369,0.758,0.079
Stephon Marbury,19.3586584531143,Backcourt,846,37.7,19.3,3,7.6,1.2,0.1,0.433,0.325,0.784,0.117
Chris Mills,23.4435318275154,Frontcourt,568,30.4,11.2,4.9,1.9,0.7,0.4,0.432,0.351,0.817,0.105
Robert Horry,21.8459958932238,Frontcourt,1107,24.5,7,4.8,2.1,1,0.9,0.425,0.341,0.726,0.118
Randy Breuer,22.72553045859,Frontcourt,681,18.4,6.8,4.4,0.9,0.4,1.1,0.467,0,0.628,0.08
Kenny Smith,22.3039014373717,Backcourt,737,30.1,12.8,2,5.5,1,0.1,0.48,0.399,0.829,0.101
Olden Polynice,22.5968514715948,Frontcourt,1058,23.5,7.8,6.7,0.7,0.5,0.6,0.505,0.192,0.535,0.09
Kenny Battle,24.7282683093771,Frontcourt,134,13.4,4.7,2.4,0.8,0.7,0.2,0.504,0.133,0.725,0.098
Tom Sluby,22.3477070499658,Backcourt,31,4.9,2.4,0.4,0.5,0.1,0,0.517,0,0.619,0.052
Reggie Smith,21.8569472963723,Frontcourt,66,5.8,1.5,1.8,0.1,0.2,0.1,0.394,0,0.404,0.051
Rod Strickland,21.9801505817933,Backcourt,1094,30.7,13.2,3.7,7.3,1.5,0.2,0.454,0.282,0.721,0.122
Lou Roe,22.9691991786448,Frontcourt,66,7.3,2,1.4,0.3,0.2,0.1,0.333,0.25,0.647,-0.001
Bernard Toone,22.9609856262834,Frontcourt,23,5.4,2.4,1.5,0.5,0.2,0.2,0.359,0.143,0.8,-0.036
Theo Ratliff,22.2108145106092,Frontcourt,810,25.3,7.2,5.7,0.6,0.5,2.4,0.496,0,0.71,0.112
Joe Kleine,23.4681724845996,Frontcourt,965,15.2,4.8,4.1,0.6,0.3,0.3,0.453,0.271,0.794,0.062
Kevin Loder,22.2518822724162,Frontcourt,148,14.1,5.9,2.3,1.2,0.5,0.3,0.461,0.261,0.695,0.055
Ron Harper,22.4216290212183,Backcourt,1009,30.9,13.8,4.3,3.9,1.7,0.7,0.446,0.289,0.72,0.101
Vern Fleming,22.3860369609856,Backcourt,893,27.7,11.3,3.4,4.8,1,0.1,0.498,0.181,0.764,0.101
Rafael Addison,21.9171800136893,Frontcourt,379,15,5.8,2.1,0.9,0.4,0.2,0.449,0.282,0.772,0.041
Josh Grant,25.9144421629021,Frontcourt,53,7.2,3,1.7,0.5,0.3,0.2,0.404,0.279,0.759,0.06
John Stockton,22.249144421629,Backcourt,1504,31.8,13.1,2.7,10.5,2.2,0.2,0.515,0.384,0.826,0.209
Robert Werdann,21.7967145790554,Frontcourt,47,5.8,2.1,1.7,0.2,0.3,0.2,0.378,0,0.574,0.026
Duane Cooper,23.0136892539357,Backcourt,88,8.9,2.3,0.7,2,0.2,0,0.402,0.216,0.72,-0.032
Don Collins,21.5475701574264,Frontcourt,303,20.2,9.8,2.8,1.8,1.1,0.3,0.485,0.069,0.749,0.082
Anthony Johnson,22.7446954140999,Backcourt,793,19.6,5.6,1.7,2.9,0.7,0.1,0.414,0.356,0.745,0.072
Jon Koncak,22.104038329911,Frontcourt,784,20.9,4.5,4.9,1,0.7,1,0.47,0.226,0.597,0.085
Kevin Edwards,22.6762491444216,Backcourt,604,25.4,10.9,2.7,2.7,1.4,0.3,0.423,0.335,0.803,0.039
Keith Edmonson,21.7638603696099,Backcourt,87,10.7,6,1.5,0.6,0.4,0.1,0.448,0,0.719,0.022
Grant Long,22.3121149897331,Frontcourt,1003,28.4,9.5,6.1,1.7,1.2,0.4,0.467,0.283,0.761,0.101
Tony Delk,22.4243668720055,Backcourt,545,21.5,9.1,2.5,1.9,0.8,0.1,0.408,0.343,0.769,0.08
Mark Hendrickson,22.0246406570842,Frontcourt,114,13.2,3.3,2.8,0.6,0.4,0.1,0.416,0.167,0.803,0.067
Brad Lohaus,22.7419575633128,Frontcourt,656,15.8,5.9,2.8,1.1,0.5,0.8,0.44,0.361,0.733,0.07
Chris Crawford,22.1341546885695,Frontcourt,252,15.8,6.6,2.2,0.6,0.4,0.3,0.437,0.347,0.824,0.078
Jeff Malone,22.0136892539357,Backcourt,905,32.8,19,2.6,2.4,0.6,0.1,0.484,0.268,0.871,0.088
Jim Farmer,22.7583846680356,Backcourt,136,10.7,5.3,1.4,0.8,0.3,0,0.428,0.282,0.73,0.024
Othella Harrington,22.4161533196441,Frontcourt,709,19.6,7.4,4.4,0.6,0.3,0.4,0.505,0,0.738,0.08
Anthony Miller,22.7008898015058,Frontcourt,181,9,2.8,2.7,0.4,0.3,0.1,0.51,0.25,0.576,0.11
Roy Rogers,22.8678986995209,Frontcourt,137,16.9,4.8,3.5,0.4,0.2,1.5,0.483,0.5,0.532,0.035
Lucious Harris,22.5475701574264,Backcourt,800,19.6,7.2,2.3,1.4,0.7,0.1,0.426,0.348,0.79,0.088
Chris Robinson,22.249144421629,Backcourt,76,14.4,4.6,1.5,1.4,0.6,0.2,0.376,0.374,0.571,-0.003
Kenny Walker,21.8432580424367,Frontcourt,448,20.2,7,4,0.7,0.5,0.7,0.485,0.206,0.749,0.095
Ed O'Bannon,22.8843258042437,Frontcourt,128,16.1,5,2.5,0.8,0.6,0.2,0.367,0.222,0.755,0.025
Bob McCann,23.1806981519507,Frontcourt,178,13.4,4.2,2.6,0.6,0.4,0.4,0.479,0.2,0.577,0.041
Darnell Mee,22.3969883641342,Backcourt,40,7.3,1.9,0.9,0.5,0.4,0.3,0.312,0.222,0.444,-0.02
Brook Steppe,22.6570841889117,Backcourt,238,12,5.4,1.4,1.2,0.4,0.1,0.469,0.31,0.82,0.078
Stacey King,22.4243668720055,Frontcourt,438,16.9,6.4,3.3,0.9,0.4,0.5,0.478,0.235,0.707,0.071
Chris King,22.933607118412,Frontcourt,103,20,6.7,3,1.1,0.7,0.3,0.423,0.383,0.633,0.023
Pervis Ellison,22.249144421629,Frontcourt,474,24.5,9.5,6.7,1.5,0.6,1.6,0.51,0.05,0.689,0.09
Reggie King,22.37234770705,Frontcourt,438,25.9,8.9,6.2,1.6,0.8,0.3,0.514,0,0.699,0.105
Leon Wood,22.2518822724162,Backcourt,274,16.5,6.4,1.2,3.2,0.5,0,0.392,0.326,0.792,0.071
Craig Shelton,23.1259411362081,Frontcourt,59,10.3,4.1,2.4,0.5,0.3,0.1,0.453,0,0.6,-0.001
Darren Tillis,22.3613963039014,Frontcourt,124,10.1,3.4,2.5,0.3,0.2,0.7,0.423,0,0.626,0.036
Brian Davis,22.0246406570842,Frontcourt,68,5.5,1.9,0.8,0.3,0.2,0.1,0.317,0.333,0.735,0
Zydrunas Ilgauskas,21.0739219712526,Frontcourt,843,27.2,13,7.3,1.1,0.5,1.6,0.476,0.31,0.78,0.139
Eric Snow,22.1916495550992,Backcourt,846,27.3,6.8,2.5,5,1.2,0.1,0.424,0.208,0.763,0.09
Vinnie Johnson,22.8268309377139,Backcourt,984,24.7,12,3.2,3.3,0.9,0.3,0.464,0.254,0.74,0.1
Les Jepsen,23.0246406570842,Frontcourt,52,3.7,1,1.3,0,0,0.2,0.333,0,0.65,0.031
Scottie Pippen,21.7529089664613,Frontcourt,1178,34.9,16.1,6.4,5.2,2,0.8,0.473,0.326,0.704,0.146
Shareef Abdur-Rahim,19.5530458590007,Frontcourt,830,34.8,18.1,7.5,2.5,1,0.8,0.472,0.297,0.81,0.118
Shawn Kemp,19.5968514715948,Frontcourt,1051,27.9,14.6,8.4,1.6,1.1,1.2,0.488,0.277,0.741,0.147
Randy Brown,23.1095140314853,Backcourt,655,17.6,4.8,1.8,2.2,1.1,0.2,0.417,0.2,0.691,0.046
Fat Lever,21.8761122518823,Backcourt,752,31.7,13.9,6,6.2,2.2,0.3,0.447,0.31,0.771,0.123
Maurice Martin,21.9719370294319,Frontcourt,69,6.1,3,0.9,0.7,0.3,0.1,0.378,0.211,0.598,-0.033
Walter Palmer,21.6899383983573,Frontcourt,48,4.4,2.1,1.4,0.2,0.1,0.2,0.412,0,0.667,-0.013
Patrick Ewing,22.8843258042437,Frontcourt,1183,34.3,21,9.8,1.9,1,2.4,0.504,0.152,0.74,0.15
Joe Smith,19.9363449691992,Frontcourt,1030,26.2,10.9,6.4,1,0.6,0.8,0.455,0.238,0.79,0.107
Xavier McDaniel,22.0547570157426,Frontcourt,870,29,15.6,6.1,2,0.9,0.5,0.485,0.261,0.718,0.091
Larry Demic,22.0082135523614,Frontcourt,206,15.5,4.7,3.9,0.5,0.3,0.2,0.459,0,0.58,0.022
Clifford Rozier,21.6735112936345,Frontcourt,173,17.2,4.8,5.2,0.6,0.5,0.7,0.496,0.182,0.465,0.063
Magic Johnson,19.8761122518823,Backcourt,906,36.7,19.5,7.2,11.2,1.9,0.4,0.52,0.303,0.848,0.225
Allen Iverson,21.0684462696783,Backcourt,914,41.1,26.7,3.7,6.2,2.2,0.2,0.425,0.313,0.78,0.126
Travis Knight,21.7994524298426,Frontcourt,371,12.3,3.4,3.1,0.6,0.4,0.6,0.438,0.259,0.696,0.083
Scott Haffner,23.4134154688569,Backcourt,50,12.2,4.3,1.1,1.8,0.3,0.1,0.403,0.13,0.667,-0.012
Sam Worthen,22.4106776180698,Backcourt,69,14,3.5,1.7,1.7,0.8,0.1,0.492,0,0.75,0.032
Amal McCaskill,22.6762491444216,Frontcourt,114,8.5,1.8,1.9,0.3,0.2,0.3,0.377,0,0.609,0.024
Richard Dumas,22.1177275838467,Frontcourt,102,21.8,10.6,3.4,1.1,1.3,0.5,0.509,0.231,0.694,0.097
Danny Ferry,22.7091033538672,Frontcourt,917,19.8,7,2.8,1.3,0.4,0.3,0.446,0.393,0.84,0.092
Roy Tarpley,21.5639972621492,Frontcourt,280,26.7,12.6,10,1,1.1,1.2,0.483,0.176,0.744,0.127
Mario Bennett,21.9199178644764,Frontcourt,68,8.9,4,2.7,0.4,0.5,0.3,0.534,0.333,0.511,0.153
Terrell Brandon,21.1149897330596,Backcourt,724,29.8,13.8,3,6.1,1.6,0.3,0.448,0.355,0.873,0.147
Marko Milic,20.1478439425051,Backcourt,44,4.9,2.5,0.7,0.3,0.3,0,0.56,0.429,0.647,0.047
Gary Garland,21.7145790554415,Backcourt,78,14.2,4.3,1.8,1.9,0.7,0.1,0.435,0.316,0.692,0.02
John Williams,19.6543463381246,Frontcourt,435,25.2,10.1,5.1,2.9,1.3,0.4,0.451,0.225,0.704,0.087
Blair Rasmussen,22.6105407255305,Frontcourt,532,21.4,9.6,5.7,0.9,0.4,0.9,0.472,0.257,0.767,0.08
Kelvin Ransey,22.1204654346338,Backcourt,474,24.4,11.4,1.9,5.2,1,0.1,0.454,0.132,0.782,0.074
Ralph Sampson,22.9883641341547,Frontcourt,456,29.8,15.4,8.8,2.3,0.9,1.6,0.486,0.172,0.661,0.071
Reggie Carter,21.7200547570157,Backcourt,135,10.8,3.5,1.2,1.5,0.4,0.1,0.388,0,0.772,0.014
Charlie Ward,23.7282683093771,Backcourt,630,22.3,6.3,2.6,4,1.2,0.2,0.408,0.364,0.771,0.113
Randy Livingston,21.249144421629,Backcourt,203,13.2,3.8,1.4,2,0.6,0.2,0.406,0.351,0.771,0.041
Herb Williams,23.3258042436687,Frontcourt,1102,25.8,10.8,5.9,1.7,0.5,1.5,0.467,0.095,0.696,0.061
Randy Woods,21.766598220397,Backcourt,151,7.2,2.4,0.6,1.7,0.6,0,0.34,0.305,0.683,0.026
Rumeal Robinson,23.6351813826146,Backcourt,336,18.1,7.6,1.8,3.5,0.9,0.2,0.432,0.344,0.611,0.041
Darrell Walker,22.3175906913073,Backcourt,720,25.8,8.9,4.4,4.6,1.5,0.3,0.435,0.059,0.713,0.071
Jayson Williams,22.3586584531143,Frontcourt,475,20.6,7.3,7.5,0.6,0.4,0.6,0.44,0.125,0.606,0.098
LaSalle Thompson,21.0301163586585,Frontcourt,985,21.6,7.9,6.8,1.2,0.8,1,0.492,0.154,0.737,0.079
Anfernee Hardaway,21.9664613278576,Backcourt,704,33.7,15.2,4.5,5,1.6,0.4,0.458,0.316,0.774,0.125
Eddie Jones,22.7063655030801,Backcourt,954,34.4,14.8,4,2.9,1.7,0.6,0.437,0.373,0.809,0.147
Dell Curry,21.9911019849418,Backcourt,1083,21.7,11.7,2.4,1.8,0.9,0.2,0.457,0.402,0.843,0.085
Michael Smith,24.1232032854209,Frontcourt,141,9.4,5,1.5,1,0.1,0,0.474,0.15,0.835,0.049
Michael Young,23.476386036961,Frontcourt,49,9.6,4.6,1.8,0.5,0.5,0.1,0.465,0.296,0.711,0.11
Cory Alexander,22.0301163586585,Backcourt,307,15.8,5.5,1.6,2.7,0.9,0.1,0.389,0.354,0.756,0.03
Jermaine O'Neal,17.7145790554415,Frontcourt,1011,27.1,13.2,7.2,1.4,0.5,1.8,0.467,0.147,0.715,0.116
Donyell Marshall,21.1286789869952,Frontcourt,957,26.2,11.2,6.7,1.4,0.8,0.9,0.435,0.35,0.731,0.113
Malik Rose,21.6050650239562,Frontcourt,813,16.5,6.2,4.1,0.8,0.6,0.4,0.437,0.177,0.743,0.095
Dino Radja,22.1916495550992,Frontcourt,224,32.6,16.7,8.4,1.6,0.9,1.3,0.497,0,0.735,0.094
Mike Woodson,22.2299794661191,Backcourt,786,25.5,14,2.3,2.3,1.2,0.3,0.466,0.271,0.813,0.083
Hersey Hawkins,21.7611225188227,Backcourt,983,32.6,14.7,3.6,2.9,1.7,0.3,0.461,0.394,0.87,0.136
Carlos Rogers,23.4079397672827,Frontcourt,298,19,7.4,4.3,0.6,0.4,0.8,0.536,0.258,0.562,0.095
Charles Smith,21.8569472963723,Backcourt,142,13.9,5.1,1.4,0.9,0.6,0.5,0.409,0.288,0.606,0.036
Granville Waiters,22.4818617385352,Frontcourt,249,10.2,2.4,2.2,0.5,0.2,0.7,0.458,0,0.559,0.036
Vitaly Potapenko,21.2819986310746,Frontcourt,610,19,6.5,4.5,0.7,0.4,0.3,0.479,0.167,0.694,0.064
Roy Hamilton,21.9445585215606,Backcourt,73,15.4,4.6,1.5,2.6,0.7,0.1,0.4,0,0.684,-0.017
Danny Fortson,21.2600958247775,Frontcourt,440,20.1,8.2,7.2,0.7,0.4,0.2,0.472,0.167,0.785,0.121
Tim Hardaway,22.8350444900753,Backcourt,867,35.3,17.7,3.3,8.2,1.6,0.1,0.431,0.355,0.782,0.133
Michael Jackson,21.9418206707734,Backcourt,89,10,2.1,0.8,2.2,0.3,0.1,0.369,0.273,0.675,-0.011
Clint Richardson,22.8952772073922,Backcourt,586,20.2,7,2.4,2.5,0.6,0.2,0.463,0.244,0.77,0.067
Wiley Peck,21.788501026694,Backcourt,52,12.1,3.5,3.5,0.6,0.3,0.4,0.432,0,0.618,0.023
Ed Horton,21.5420944558522,Frontcourt,45,8.3,4.5,2.4,0.4,0.2,0.1,0.494,0,0.609,0.05
John Paxson,22.7583846680356,Backcourt,772,22.4,7.2,1.2,3.6,0.7,0.1,0.499,0.355,0.804,0.101
John Thomas,21.8104038329911,Frontcourt,208,10.8,2.7,2.1,0.3,0.3,0.2,0.502,0,0.591,0.067
Marc Jackson,22.4544832306639,Frontcourt,387,19.6,8.4,4.3,0.8,0.4,0.3,0.446,0.226,0.814,0.082
Jon Barry,22.9308692676249,Backcourt,821,16.9,5.7,1.8,2.2,0.9,0.1,0.434,0.392,0.848,0.129
Terry Porter,22.2108145106092,Backcourt,1274,27.8,12.2,3,5.6,1.2,0.1,0.463,0.386,0.836,0.15
Todd Day,22.476386036961,Backcourt,483,25.3,12.3,3.4,1.5,1.1,0.6,0.406,0.345,0.739,0.069
Edgar Jones,23.0355920602327,Frontcourt,363,19.2,9,4.8,0.9,0.6,1.3,0.506,0.262,0.71,0.103
Trevor Wilson,22.2956878850103,Frontcourt,103,15.6,5.7,3.4,1,0.5,0.1,0.456,0,0.567,0.023
Rickie Winslow,22.9199178644764,Frontcourt,7,6.4,1,1,0.3,0.1,0,0.231,0,0.5,-0.165
Marcus Liberty,21.6789869952088,Frontcourt,267,17.1,7.3,3.5,0.9,0.7,0.3,0.417,0.34,0.664,0.042
Darnell Valentine,22.3613963039014,Backcourt,620,23.2,8.7,2.1,5,1.5,0.1,0.437,0.261,0.787,0.074
Sidney Lowe,23.4490075290897,Backcourt,193,17.7,2.9,1.7,3.9,1,0,0.367,0.133,0.764,0.055
Kenny Williams,21.062970568104,Frontcourt,260,11.2,4.8,2.7,0.6,0.3,0.6,0.511,0,0.68,0.122
Phil Hubbard,22.5448323066393,Frontcourt,665,23.9,10.9,5.3,1.3,0.9,0.1,0.495,0.038,0.706,0.088
Hakeem Olajuwon,21.4243668720055,Frontcourt,1238,35.7,21.8,11.1,2.5,1.7,3.1,0.512,0.202,0.712,0.177
Reggie Johnson,22.974674880219,Frontcourt,305,19.6,8.4,4.1,0.9,0.4,0.6,0.505,0.143,0.716,0.088
Walter Berry,22.1067761806982,Frontcourt,205,23.7,14.1,4.7,1.4,0.6,0.7,0.539,0.2,0.638,0.081
Greg Kelser,21.7830253251198,Frontcourt,305,19.8,9.7,4.6,1.3,0.8,0.5,0.486,0.167,0.686,0.069
Dudley Bradley,22.2819986310746,Backcourt,600,17,5.2,1.8,1.9,1.6,0.3,0.44,0.293,0.73,0.078
Calvin Natt,22.4736481861739,Frontcourt,599,31.4,17.2,6.8,2.2,0.9,0.3,0.528,0.219,0.768,0.146
Voshon Lenard,21.1396303901437,Backcourt,565,27.2,11.9,2.8,2.1,0.8,0.2,0.415,0.384,0.787,0.093
Al Wood,23.0355920602327,Backcourt,417,23.8,11.8,3,1.8,0.7,0.4,0.465,0.211,0.789,0.074
Bobby Phills,21.5284052019165,Backcourt,467,28.7,11,3.1,2.7,1.3,0.3,0.443,0.39,0.738,0.097
Mark Davis,22.186173853525,Backcourt,230,16,5.5,3,1.3,0.9,0.3,0.442,0.246,0.655,0.03
Jerry Stackhouse,20.6570841889117,Backcourt,970,31.2,16.9,3.2,3.3,0.9,0.5,0.409,0.309,0.822,0.083
Travis Mays,22.0355920602327,Backcourt,115,25.8,11.1,2,2.8,0.9,0.1,0.41,0.362,0.749,0.039
Erick Dampier,20.9664613278576,Frontcourt,987,24.3,7.4,7.1,0.8,0.3,1.4,0.498,0.125,0.626,0.105
Jose Ortiz,23.6735112936345,Frontcourt,64,6.1,2.9,1.1,0.3,0.2,0.1,0.443,0.333,0.596,0.002
Linton Townes,22.5941136208077,Frontcourt,60,9.1,4.3,1.1,0.5,0.3,0.1,0.44,0.36,0.75,0.057
Chris Welp,23.4845995893224,Frontcourt,109,10.8,3.3,2.4,0.4,0.3,0.5,0.446,0,0.681,0.042
Howard Wood,22.0711841204654,Frontcourt,42,8.1,3.4,1.5,0.2,0.2,0.1,0.458,0,0.654,0.049
Alec Kessler,23.4681724845996,Frontcourt,210,14,5.2,3.6,0.4,0.2,0.3,0.426,0.417,0.744,0.033
Randy Wittman,23.6817248459959,Backcourt,543,21.4,7.4,1.4,2.2,0.5,0.1,0.501,0.321,0.753,0.071
Richard Anderson,21.621492128679,Frontcourt,407,14.7,5.6,3.5,1.5,0.6,0.2,0.412,0.333,0.762,0.061
Michael Cage,22.4052019164955,Frontcourt,1140,26.1,7.3,7.6,0.9,0.9,0.6,0.515,0,0.664,0.12
Steve Burtt,21.6351813826146,Backcourt,101,11.1,5.8,0.9,1.2,0.5,0.1,0.426,0.143,0.695,0
Greg Kite,21.9089664613279,Frontcourt,680,14.8,2.5,3.8,0.5,0.3,0.6,0.438,0.167,0.486,0.027
Tracy McGrady,18.1013004791239,Frontcourt,938,32.7,19.6,5.6,4.4,1.2,0.9,0.435,0.338,0.746,0.152
Mark Aguirre,21.5119780971937,Frontcourt,923,30,20,5,3.1,0.7,0.3,0.484,0.312,0.741,0.117
Kevin Johnson,21.3148528405202,Backcourt,735,34.1,17.9,3.3,9.1,1.5,0.2,0.493,0.305,0.841,0.178
Howard Eisley,21.580424366872,Backcourt,786,20.4,6.5,1.7,3.5,0.7,0.1,0.407,0.35,0.827,0.058
Winston Garland,22.5201916495551,Backcourt,511,26.2,9.4,2.8,4.7,1.3,0.2,0.43,0.281,0.83,0.051
Matt Geiger,22.8021902806297,Frontcourt,552,22.1,9.2,5.7,0.7,0.6,0.6,0.499,0.232,0.728,0.112
Alton Lister,22.703627652293,Frontcourt,953,19.9,6.6,6.3,1,0.4,1.5,0.512,0.111,0.597,0.093
Mark Pope,23.8049281314168,Frontcourt,153,10.7,1.9,1.7,0.4,0.2,0.3,0.401,0.179,0.573,0.038
Scot Pollard,22.3805612594114,Frontcourt,506,16.5,4.4,4.6,0.4,0.6,0.7,0.494,0,0.709,0.153
Sam Cassell,23.6297056810404,Backcourt,993,30,15.7,3.2,6,1.1,0.2,0.454,0.331,0.861,0.141
Armen Gilliam,23.082135523614,Frontcourt,929,28.4,13.7,6.9,1.2,0.7,0.7,0.489,0,0.776,0.106
Lionel Simmons,21.6297056810404,Frontcourt,454,29.7,12.8,6.2,3.3,1.1,0.8,0.433,0.305,0.771,0.06
Chuck Person,21.9856262833676,Frontcourt,943,30.7,14.7,5.1,2.8,0.7,0.2,0.458,0.362,0.723,0.065
Dikembe Mutombo,25.0191649555099,Frontcourt,1196,30.8,9.8,10.3,1,0.4,2.8,0.518,0,0.684,0.153
Jon Sundvold,22.0027378507871,Backcourt,502,17.6,7.7,1.1,2.9,0.4,0,0.452,0.392,0.849,0.048
Jose Slaughter,21.8158795345654,Backcourt,63,8.2,3.6,1.1,0.8,0.6,0.1,0.374,0.22,0.644,-0.007
Tony Campbell,22.1341546885695,Frontcourt,690,22,11.6,3.1,1.5,0.8,0.2,0.456,0.254,0.79,0.065
Jason Kidd,21.2819986310746,Backcourt,1391,36,12.6,6.3,8.7,1.9,0.3,0.4,0.349,0.785,0.133
Eddie Johnson,22.1232032854209,Frontcourt,1199,27.2,16,4,2.1,0.6,0.2,0.472,0.335,0.84,0.097
Lawrence Funderburke,23.5530458590007,Frontcourt,318,14.9,6.4,3.6,0.6,0.3,0.3,0.506,0.118,0.675,0.131
DeWayne Scales,21.4654346338125,Frontcourt,49,10.6,4.6,2.9,0.2,0.3,0.1,0.417,0.167,0.628,0.017
Sasha Danilovic,22.3394934976044,Backcourt,75,31.1,12.8,2.4,2,0.9,0.2,0.439,0.379,0.789,0.087
Brian Grant,22.331279945243,Frontcourt,756,28.3,10.5,7.4,1.2,0.6,0.7,0.49,0.214,0.746,0.122
Rony Seikaly,23.1505817932923,Frontcourt,678,31.6,14.7,9.5,1.3,0.7,1.3,0.484,0.188,0.679,0.084
Brent Price,23.5557837097878,Backcourt,418,16.8,5.9,1.6,3,0.7,0,0.426,0.387,0.824,0.082
Jerry Reynolds,22.5010266940452,Backcourt,443,18.9,9.1,3,2,1.1,0.6,0.418,0.226,0.749,0.06
Dallas Comegys,22.8596851471595,Frontcourt,142,15.8,6,3.2,0.7,0.5,0.9,0.457,0,0.682,0.024
Rex Walters,23.3175906913073,Backcourt,335,13.7,4.6,1.2,1.7,0.4,0.1,0.441,0.361,0.809,0.066
Alphonso Ford,21.6789869952088,Backcourt,11,10.4,3.2,1.8,0.9,0.3,0,0.308,0.1,0.5,-0.153
Gary Trent,20.7775496235455,Frontcourt,506,19.5,8.6,4.5,1,0.4,0.3,0.501,0.08,0.643,0.113
Efthimi Rentzias,20.4709103353867,Frontcourt,35,4.1,1.5,0.7,0.2,0.2,0.1,0.339,0.5,0.889,0.058
Tim McCormick,22.2929500342231,Frontcourt,483,21.5,8.3,4.9,1,0.3,0.4,0.535,0.063,0.703,0.099
Lamond Murray,21.2053388090349,Frontcourt,736,25.1,11.3,4.1,1.3,0.9,0.4,0.43,0.36,0.759,0.052
Glen Rice,22.0985626283368,Frontcourt,1000,35,18.3,4.4,2.1,1,0.3,0.456,0.4,0.846,0.122
Michael Jordan,21.3504449007529,Backcourt,1072,38.3,30.1,6.2,5.3,2.3,0.8,0.497,0.327,0.835,0.25
Carey Scurry,22.5530458590007,Frontcourt,180,13.2,4.7,2.9,1.1,1,0.8,0.48,0.25,0.666,0.107
Matt Fish,22.6132785763176,Frontcourt,50,10.2,3.5,2.2,0.5,0.4,0.3,0.5,0,0.625,0.058
Walt Williams,22.2053388090349,Frontcourt,708,26.6,11.8,3.9,2.3,0.9,0.6,0.425,0.379,0.743,0.087
Mitch Richmond,23.0109514031485,Backcourt,976,35.2,21,3.9,3.5,1.2,0.3,0.455,0.388,0.85,0.111
Kyle Macy,22.2245037645448,Backcourt,551,25.9,9.5,2.2,4,1.1,0.1,0.501,0.337,0.873,0.121
Dwayne Morton,22.9062286105407,Frontcourt,41,9.6,4.1,1.4,0.4,0.3,0.4,0.388,0.36,0.682,0.025